words,parts,lemma,pos,feats,deps,head,,
а именно,ADV Degree=Pos,,,,,,,
%,а,А,CCONJ,_,parataxis,0,,
%,именно,ИМЕННО,PART,_,fixed,1,,
##,,,,,,,,
а именно,PART,,,,,,,
%,а,а,CCONJ,_,parataxis,0,,
%,именно,именно,PART,_,fixed,1,,
##,,,,,,,,
а не то,SCONJ,,,,,,,
%,а,А,CCONJ,_,cc,0,,
%,не,НЕ,PART,Polarity=Neg,fixed,-1,,
%,то,ТО,PRON,Animacy=Inan|Case=Nom|Gender=Neut|Number=Sing,fixed,2,,
##,,,,,,,,
а также,CCONJ,,,,,,,
%,а,А,CCONJ,_,cc,0,,
%,также,ТАКЖЕ,PART,_,fixed,1,,
##,,,,,,,,
а то,SCONJ,,,,,,,
%,а,А,CCONJ,_,cc,0,,
%,то,ТО,PRON,Animacy=Inan|Case=Nom|Gender=Neut|Number=Sing,fixed,1,,
##,,,,,,,,
а то и,CCONJ,,,,,,,
%,а,А,CCONJ,_,cc,0,,
%,то,ТО,PRON,Animacy=Inan|Case=Nom|Gender=Neut|Number=Sing,fixed,1,,
%,и,И,PART,_,fixed,1,,
##,,,,,,,,
без устали,ADV Degree=Pos,,,,,,,
%,без,БЕЗ,ADP,_,advmod,0,,
%,устали,УСТАЛЬ,NOUN,Animacy=Inan|Case=Gen|Gender=Fem|Number=Sing,fixed,1,,
##,,,,,,,,
без умолку,ADV Degree=Pos,,,,,,,
%,без,БЕЗ,ADP,_,advmod,0,,
%,умолку,УМОЛК,NOUN,Animacy=Inan|Case=Gen|Gender=Fem|Number=Sing,fixed,1,,
##,,,,,,,,
бок о бок,ADV Degree=Pos,,,,,,,
%,бок,БОК,NOUN,Animacy=Inan|Case=Acc|Gender=Masc|Number=Sing,advmod,0,,
%,о,О,ADP,_,fixed,1,,
%,бок,БОК,NOUN,Animacy=Inan|Case=Acc|Gender=Masc|Number=Sing,fixed,2,,
##,,,,,,,,
более чем,ADV Degree=Pos,,,,,,,
%,более,БОЛЕЕ,ADV,Degree=Cmp,case,0,,
%,чем,ЧЕМ,SCONJ,_,fixed,1,,
##,,,,,,,,
больше чем,ADV Degree=Pos,,,,,,,
%,больше,БОЛЬШЕ,ADV,Degree=Cmp,case,0,,
%,чем,ЧЕМ,SCONJ,_,fixed,1,,
##,,,,,,,,
в виде,ADP,,,,,,,
%,в,В,ADP,_,case,0,,
%,виде,ВИД,NOUN,Animacy=Inan|Case=Loc|Gender=Masc|Number=Sing,fixed,1,,
##,,,,,,,,
в виду,ADV Degree=Pos,,,,,,,
%,в,В,ADP,_,advmod,0,,
%,виду,ВИД,NOUN,Animacy=Inan|Case=Loc|Gender=Masc|Number=Sing,fixed,1,,
##,,,,,,,,
в значительной мере,ADV Degree=Pos,,,,,,,
%,в,В,ADP,_,advmod,0,,
%,значительной,ЗНАЧИТЕЛЬНЫЙ,ADJ,Case=Loc|Degree=Pos|Gender=Fem|Number=Sing,fixed,1,,
%,мере,МЕРА,NOUN,Animacy=Inan|Case=Loc|Gender=Fem|Number=Sing,fixed,2,,
##,,,,,,,,
в качестве,ADP,,,,,,,
%,в,В,ADP,_,case,0,,
%,качестве,КАЧЕСТВО,NOUN,Animacy=Inan|Case=Loc|Gender=Neut|Number=Sing,fixed,1,,
##,,,,,,,,
в конечном счете,ADV Degree=Pos,,,,,,,
%,в,В,ADP,_,advmod,0,,
%,конечном,КОНЕЧНЫЙ,ADJ,Case=Loc|Degree=Pos|Gender=Masc|Number=Sing,fixed,1,,
%,счете,СЧЕТ,NOUN,Animacy=Inan|Case=Loc|Gender=Masc|Number=Sing,fixed,2,,
##,,,,,,,,
в конце концов,ADV Degree=Pos,,,,,,,
%,в,В,ADP,_,advmod,0,,
%,конце,КОНЕЦ,NOUN,Animacy=Inan|Case=Loc|Gender=Masc|Number=Sing,fixed,1,,
%,концов,КОНЕЦ,NOUN,Animacy=Inan|Case=Gen|Gender=Masc|Number=Plur,fixed,2,,
##,,,,,,,,
в настоящее время,ADV Degree=Pos,,,,,,,
%,в,В,ADP,_,advmod,0,,
%,настоящее,НАСТОЯЩИЙ,ADJ,Animacy=Inan|Case=Acc|Degree=Pos|Gender=Neut|Number=Sing,fixed,1,,
%,время,ВРЕМЯ,NOUN,Animacy=Inan|Case=Acc|Gender=Neut|Number=Sing,fixed,2,,
##,,,,,,,,
в обнимку,ADV Degree=Pos,,,,,,,
%,в,В,ADP,_,advmod,0,,
%,обнимку,ОБНИМКА,NOUN,Animacy=Inan|Case=Acc|Gender=Fem|Number=Sing,fixed,1,,
##,,,,,,,,
в общей сложности,ADV Degree=Pos,,,,,,,
%,в,В,ADP,_,advmod,0,,
%,общей,ОБЩИЙ,ADJ,Case=Ins|Degree=Pos|Gender=Fem|Number=Sing,fixed,1,,
%,сложности,СЛОЖНОСТЬ,NOUN,Animacy=Inan|Case=Loc|Gender=Fem|Number=Sing,fixed,2,,
##,,,,,,,,
в одиночку,ADV Degree=Pos,,,,,,,
%,в,В,ADP,_,advmod,0,,
%,одиночку,ОДИНОЧКА,NOUN,Animacy=Inan|Case=Acc|Gender=Fem|Number=Sing,fixed,1,,
##,,,,,,,,
в складчину,ADV Degree=Pos,,,,,,,
%,в,В,ADP,_,advmod,0,,
%,складчину,СКЛАДЧИНА,NOUN,Animacy=Inan|Case=Acc|Gender=Fem|Number=Sing,fixed,1,,
##,,,,,,,,
в особенности,ADV Degree=Pos,,,,,,,
%,в,В,ADP,_,advmod,0,,
%,особенности,ОСОБЕННОСТЬ,NOUN,Animacy=Inan|Case=Loc|Gender=Fem|Number=Sing,fixed,1,,
##,,,,,,,,
в отличие от,ADP,,,,,,,
%,в,В,ADP,_,case,0,,
%,отличие,ОТЛИЧИЕ,NOUN,Animacy=Inan|Case=Acc|Gender=Neut|Number=Sing,fixed,1,,
%,от,ОТ,ADP,_,fixed,2,,
##,,,,,,,,
в отношении,ADP,,,,,,,
%,в,В,ADP,_,case,0,,
%,отношении,ОТНОШЕНИЕ,NOUN,Animacy=Inan|Case=Loc|Gender=Neut|Number=Sing,fixed,1,,
##,,,,,,,,
в первую очередь,ADV Degree=Pos,,,,,,,
%,в,В,ADP,_,discourse,0,,
%,первую,ПЕРВЫЙ,ADJ,Animacy=Inan|Case=Acc|Gender=Fem|Number=Sing,fixed,1,,
%,очередь,ОЧЕРЕДЬ,NOUN,Animacy=Inan|Case=Acc|Gender=Fem|Number=Sing,fixed,2,,
##,,,,,,,,
в противном случае,ADV Degree=Pos,,,,,,,
%,в,В,ADP,_,cc,0,,
%,противном,ПРОТИВНЫЙ,ADJ,Case=Loc|Degree=Pos|Gender=Masc|Number=Sing,fixed,1,,
%,случае,СЛУЧАЙ,NOUN,Animacy=Inan|Case=Loc|Gender=Masc|Number=Sing,fixed,2,,
##,,,,,,,,
в противном случае,CCONJ,,,,,,,
%,В,В,ADP,_,cc,0,,
%,противном,ПРОТИВНЫЙ,ADJ,Case=Loc|Degree=Pos|Gender=Masc|Number=Sing,fixed,1,,
%,случае,СЛУЧАЙ,NOUN,Animacy=Inan|Case=Loc|Gender=Masc|Number=Sing,fixed,2,,
##,,,,,,,,
в розницу,ADV Degree=Pos,,,,,,,
%,в,В,ADP,_,advmod,0,,
%,розницу,РОЗНИЦА,NOUN,Animacy=Inan|Case=Acc|Gender=Fem|Number=Sing,fixed,1,,
##,,,,,,,,
в связи с,ADP,,,,,,,
%,в,В,ADP,_,case,0,,
%,связи,СВЯЗЬ,NOUN,Animacy=Inan|Case=Loc|Gender=Fem|Number=Sing,fixed,1,,
%,с,С,ADP,_,fixed,2,,
##,,,,,,,,
в случае если,SCONJ,,,,,,,
%,в,В,ADP,_,mark,0,,
%,случае,СЛУЧАЙ,NOUN,Animacy=Inan|Case=Loc|Gender=Masc|Number=Sing,fixed,1,,
%,если,ЕСЛИ,SCONJ,_,fixed,2,,
##,,,,,,,,
в случае, если,CONJ,,,,,,
%,в,В,ADP,_,mark,-1,,
%,случае,СЛУЧАЙ,NOUN,Animacy=Inan|Case=Loc|Gender=Masc|Number=Sing,fixed,0,,
%,|,|,PUNCT,_,punct,0,,
%,если,ЕСЛИ,SCONJ,_,fixed,0,,
##,,,,,,,,
в соответствии с,ADP,,,,,,,
%,в,В,ADP,_,case,0,,
%,соответствии,СООТВЕТСТВИЕ,NOUN,Animacy=Inan|Case=Loc|Gender=Neut|Number=Sing,fixed,1,,
%,с,С,ADP,_,fixed,2,,
##,,,,,,,,
в состоянии,ADV Degree=Pos,,,,,,,
%,в,В,ADP,_,%,,,
%,состоянии,СОСТОЯНИЕ,NOUN,Animacy=Inan|Case=Loc|Gender=Neut|Number=Sing,fixed,,,
##,,,,,,,,
в течение,ADP,,,,,,,
%,в,В,ADP,_,case,0,,
%,течение,ТЕЧЕНИЕ,NOUN,Animacy=Inan|Case=Acc|Gender=Neut|Number=Sing,fixed,1,,
##,,,,,,,,
в то время как,SCONJ,,,,,,,
%,в,В,ADP,_,cc,0,,
%,то,ТОТ,DET,Animacy=Inan|Case=Acc|Gender=Neut|Number=Sing,fixed,1,,
%,время,ВРЕМЯ,NOUN,Animacy=Inan|Case=Acc|Gender=Neut|Number=Sing,fixed,2,,
%,как,КАК,SCONJ,_,fixed,3,,
##,,,,,,,,
в том числе,PART,,,,,,,
%,в,В,ADP,_,case,-2,,
%,том,ТОТ,DET,Case=Loc|Gender=Neut|Number=Sing,det,-1,,
%,числе,ЧИСЛО,NOUN,Animacy=Inan|Case=Loc|Gender=Neut|Number=Sing,nmod,0,,
##,,,,,,,,
в угоду,ADP,,,,,,,
%,в,В,ADP,_,case,0,,
%,угоду,УГОДА,NOUN,Animacy=Inan|Case=Acc|Gender=Fem|Number=Sing,fixed,1,,
##,,,,,,,,
в ходе,ADP,,,,,,,
%,в,В,ADP,_,case,0,,
%,ходе,ХОД,NOUN,Animacy=Inan|Case=Loc|Gender=Masc|Number=Sing,fixed,1,,
##,,,,,,,,
в частности,ADV Degree=Pos,,,,,,,
%,в,В,ADP,_,discourse,0,,
%,частности,ЧАСТНОСТЬ,NOUN,Animacy=Inan|Case=Loc|Gender=Fem|Number=Sing,fixed,1,,
##,,,,,,,,
во время,ADP,,,,,,,
%,во,ВО,ADP,_,case,0,,
%,время,ВРЕМЯ,NOUN,Animacy=Inan|Case=Acc|Gender=Neut|Number=Sing,fixed,1,,
##,,,,,,,,
во главе,ADV Degree=Pos,,,,,,,
%,во,ВО,ADP,_,case,0,,
%,главе,ГЛАВА,NOUN,Animacy=Inan|Case=Loc|Gender=Fem|Number=Sing,fixed,1,,
##,,,,,,,,
во избежание,ADP,,,,,,,
%,во,ВО,ADP,_,case,0,,
%,избежание,ИЗБЕЖАНИЕ,NOUN,Animacy=Inan|Case=Acc|Gender=Neut|Number=Sing,fixed,1,,
##,,,,,,,,
во что бы то ни стало,ADV Degree=Pos,,,,,,,
%,во,ВО,ADP,_,advmod,-5,,
%,что,ЧТО,PRON,Animacy=Inan|Case=Acc|Gender=Neut|Number=Sing,fixed,1,,
%,бы,БЫ,PART,_,fixed,-3,,
%,то,ТО,PRON,Animacy=Inan|Case=Nom|Gender=Neut|Number=Sing,fixed,-2,,
%,ни,НИ,PART,Polarity=Neg,fixed,-1,,
%,стало,СТАТЬ,VERB,Aspect=Perf|Gender=Neut|Mood=Ind|Number=Sing|Tense=Past|VerbForm=Fin|Voice=Act,fixed,0,,
##,,,,,,,,
вплоть до,ADP,,,,,,,
%,вплоть,ВПЛОТЬ,ADV,Degree=Pos,case,0,,
%,до,ДО,ADP,_,fixed,1,,
##,,,,,,,,
вряд ли,ADV Degree=Pos,,,,,,,
%,вряд,ВРЯД,ADV,Degree=Pos,advmod,0,,
%,ли,ЛИ,PART,_,fixed,1,,
##,,,,,,,,
все же,PART,,,,,,,
%,все,ВСЕ,PART,_,advmod,0,,
%,же,ЖЕ,PART,_,fixed,1,,
##,,,,,,,,
всё же,PART,,,,,,,
%,всё,ВСЁ,PART,_,advmod,0,,
%,же,ЖЕ,PART,_,fixed,1,,
##,,,,,,,,
все равно,ADV Degree=Pos,,,,,,,
%,все,ВСЕ,PRON,Animacy=Inan|Case=Nom|Gender=Neut|Number=Sing,advmod,0,,
%,равно,РАВНЫЙ,ADJ,Degree=Pos|Gender=Neut|Number=Sing|Variant=Short,fixed,1,,
##,,,,,,,,
все равно,PART,,,,,,,
%,все,ВСЕ,PRON,Animacy=Inan|Case=Nom|Gender=Neut|Number=Sing,advmod,0,,
%,равно,РАВНЫЙ,ADJ,Degree=Pos|Gender=Neut|Number=Sing|Variant=Short,fixed,1,,
##,,,,,,,,
всё равно,ADV Degree=Pos,,,,,,,
%,всё,ВСЁ,PRON,Animacy=Inan|Case=Nom|Gender=Neut|Number=Sing,advmod,0,,
%,равно,РАВНЫЙ,ADJ,Degree=Pos|Gender=Neut|Number=Sing|Variant=Short,fixed,1,,
##,,,,,,,,
до отказа,ADV Degree=Pos,,,,,,,
%,до,ДО,ADP,_,advmod,0,,
%,отказа,ОТКАЗ,NOUN,Animacy=Inan|Case=Gen|Gender=Masc|Number=Sing,fixed,1,,
##,,,,,,,,
до поры до времени,ADV Degree=Pos,,,,,,,
%,до,ДО,ADP,_,advmod,0,,
%,поры,ПОРА,NOUN,Animacy=Inan|Case=Gen|Gender=Fem|Number=Sing,fixed,1,,
%,до,ДО,ADP,_,fixed,2,,
%,времени,ВРЕМЯ,NOUN,Animacy=Inan|Case=Gen|Gender=Neut|Number=Sing,fixed,3,,
##,,,,,,,,
до сих пор,ADV Degree=Pos,,,,,,,
%,до,ДО,ADP,_,advmod,0,,
%,сих,СЕЙ,DET,Case=Gen|Number=Plur,fixed,1,,
%,пор,ПОРА,NOUN,Animacy=Inan|Case=Gen|Gender=Fem|Number=Plur,fixed,2,,
##,,,,,,,,
до того как,SCONJ,,,,,,,
%,до,ДО,ADP,_,mark,0,,
%,того,ТО,PRON,Animacy=Inan|Case=Gen|Gender=Neut|Number=Sing,fixed,1,,
%,|,|,PUNCT,_,punct,-1,,
%,как,КАК,SCONJ,_,fixed,3,,
##,,,,,,,,
едва ли,ADV Degree=Pos,,,,,,,
%,едва,ЕДВА,ADV,Degree=Pos,advmod,0,,
%,ли,ЛИ,PART,_,fixed,1,,
##,,,,,,,,
едва не,PART,,,,,,,
%,едва,ЕДВА,ADV,Degree=Pos,advmod,0,,
%,не,НЕ,PART,Polarity=Neg,fixed,1,,
##,,,,,,,,
ей богу,PART,,,,,,,
%,Ей,ЕЙ,INTJ,_,discourse,0,,
%,богу,БОГ,NOUN,Animacy=Anim|Case=Dat|Gender=Masc|Number=Sing,fixed,1,,
##,,,,,,,,
за исключением,ADP,,,,,,,
%,за,ЗА,ADP,_,case,0,,
%,исключением,ИСКЛЮЧЕНИЕ,NOUN,Animacy=Inan|Case=Ins|Gender=Neut|Number=Sing,fixed,1,,
##,,,,,,,,
за рубежом,ADV Degree=Pos,,,,,,,
%,за,ЗА,ADP,_,advmod,0,,
%,рубежом,РУБЕЖ,NOUN,Animacy=Inan|Case=Ins|Gender=Masc|Number=Sing,fixed,1,,
##,,,,,,,,
за счет,ADP,,,,,,,
%,за,ЗА,ADP,_,case,0,,
%,счет,СЧЕТ,NOUN,Animacy=Inan|Case=Acc|Gender=Masc|Number=Sing,fixed,1,,
##,,,,,,,,
как будто,SCONJ,,,,,,,
%,как,КАК,SCONJ,_,mark,0,,
%,будто,БУДТО,PART,_,fixed,1,,
##,,,,,,,,
как будто,PART,,,,,,,
%,как,КАК,ADV,Degree=Pos,advmod,0,,
%,будто,БУДТО,PART,_,fixed,1,,
##,,,,,,,,
как бы,PART,,,,,,,
%,как,КАК,ADV,Degree=Pos,advmod,0,,
%,бы,БЫ,PART,_,fixed,1,,
##,,,,,,,,
как бы то ни было,ADV Degree=Pos,,,,,,,
%,как,КАК,SCONJ,_,parataxis,0,,
%,бы,БЫ,PART,_,fixed,1,,
%,то,ТО,PRON,Animacy=Inan|Case=Acc|Gender=Neut|Number=Sing,fixed,2,,
%,ни,НИ,PART,Polarity=Neg,fixed,3,,
%,было,БЫТЬ,VERB,Aspect=Imp|Gender=Neut|Mood=Ind|Number=Sing|Tense=Past|VerbForm=Fin|Voice=Act,fixed,4,,
##,,,,,,,,
как если бы,SCONJ,,,,,,,
%,как,КАК,SCONJ,_,mark,0,,
%,если,ЕСЛИ,SCONJ,_,fixed,1,,
%,бы,БЫ,PART,_,fixed,1,,
##,,,,,,,,
как минимум,ADV Degree=Pos,,,,,,,
%,как,КАК,SCONJ,_,advmod,0,,
%,минимум,МИНИМУМ,NOUN,Animacy=Inan|Case=Acc|Gender=Masc|Number=Sing,fixed,1,,
##,,,,,,,,
как раз,ADV Degree=Pos,,,,,,,
%,как,КАК,SCONJ,_,advmod,0,,
%,раз,РАЗ,NOUN,Animacy=Inan|Case=Acc|Gender=Masc|Number=Sing,fixed,1,,
##,,,,,,,,
как раз,PART,,,,,,,
%,как,КАК,SCONJ,_,advmod,0,,
%,раз,РАЗ,NOUN,Animacy=Inan|Case=Acc|Gender=Masc|Number=Sing,fixed,1,,
##,,,,,,,,
как только,SCONJ,,,,,,,
%,как,КАК,SCONJ,_,mark,0,,
%,только,ТОЛЬКО,PART,_,fixed,1,,
##,,,,,,,,
каких бы то ни было,ADJ Case=Gen|Degree=Pos|Number=Plur,,,,,,,
%,каких,КАКОЙ,DET,Case=Gen|Number=Plur,amod,0,,
%,бы,БЫ,PART,_,fixed,-3,,
%,то,ТО,PRON,Animacy=Inan|Case=Nom|Gender=Neut|Number=Sing,fixed,-2,,
%,ни,НИ,PART,Polarity=Neg,fixed,-1,,
%,было,БЫТЬ,VERB,Aspect=Imp|Gender=Neut|Mood=Ind|Number=Sing|Tense=Past|VerbForm=Fin|Voice=Act,fixed,4,,
##,,,,,,,,
какие бы то ни было,ADJ Case=Nom|Degree=Pos|Number=Plur,,,,,,,
%,какие,КАКОЙ,DET,Case=Nom|Number=Plur,amod,0,,
%,бы,БЫ,PART,_,fixed,-3,,
%,то,ТО,PRON,Animacy=Inan|Case=Nom|Gender=Neut|Number=Sing,fixed,-2,,
%,ни,НИ,PART,Polarity=Neg,fixed,-1,,
%,было,БЫТЬ,VERB,Aspect=Imp|Gender=Neut|Mood=Ind|Number=Sing|Tense=Past|VerbForm=Fin|Voice=Act,fixed,4,,
##,,,,,,,,
какого бы то ни было,ADJ Case=Gen|Degree=Pos|Gender=Neut|Number=Sing,,,,,,,
%,какого,КАКОЙ,DET,Case=Gen|Gender=Neut|Number=Sing,amod,0,,
%,бы,БЫ,PART,_,fixed,-3,,
%,то,ТО,PRON,Animacy=Inan|Case=Nom|Gender=Neut|Number=Sing,fixed,-2,,
%,ни,НИ,PART,Polarity=Neg,fixed,-1,,
%,было,БЫТЬ,VERB,Aspect=Imp|Gender=Neut|Mood=Ind|Number=Sing|Tense=Past|VerbForm=Fin|Voice=Act,fixed,4,,
##,,,,,,,,
какой бы то ни было,ADJ Animacy=Inan|Case=Acc|Degree=Pos|Gender=Masc|Number=Sing,,,,,,,
%,какой,КАКОЙ,DET,Case=Acc|Degree=Pos|Number=Plur,amod,0,,
%,бы,БЫ,PART,_,fixed,-3,,
%,то,ТО,PRON,Animacy=Inan|Case=Nom|Gender=Neut|Number=Sing,fixed,-2,,
%,ни,НИ,PART,Polarity=Neg,fixed,-1,,
%,было,БЫТЬ,VERB,Aspect=Imp|Gender=Neut|Mood=Ind|Number=Sing|Tense=Past|VerbForm=Fin|Voice=Act,fixed,4,,
##,,,,,,,,
какую бы то ни было,ADJ Case=Acc|Degree=Pos|Gender=Fem|Number=Sing,,,,,,,
%,какую,КАКОЙ,DET,Case=Acc|Gender=Masc|Number=Sing,amod,0,,
%,бы,БЫ,PART,_,fixed,-3,,
%,то,ТО,PRON,Animacy=Inan|Case=Nom|Gender=Neut|Number=Sing,fixed,-2,,
%,ни,НИ,PART,Polarity=Neg,fixed,-1,,
%,было,БЫТЬ,VERB,Aspect=Imp|Gender=Neut|Mood=Ind|Number=Sing|Tense=Past|VerbForm=Fin|Voice=Act,fixed,4,,
##,,,,,,,,
коль скоро,SCONJ,,,,,,,
%,коль,КОЛЬ,SCONJ,_,mark,0,,
%,скоро,СКОРО,ADV,Degree=Pos,fixed,1,,
##,,,,,,,,
кто бы то ни было,NOUN Animacy=Anim|Case=Dat|Gender=Masc|Number=Sing,,,,,,,
%,кому,КТО,PRON,Animacy=Anim|Case=Dat|Gender=Masc|Number=Sing,%,0,,
%,бы,БЫ,PART,_,fixed,-3,,
%,то,ТО,PRON,Animacy=Inan|Case=Nom|Gender=Neut|Number=Sing,fixed,-2,,
%,ни,НИ,PART,Polarity=Neg,fixed,-1,,
%,было,БЫТЬ,VERB,Aspect=Imp|Gender=Neut|Mood=Ind|Number=Sing|Tense=Past|VerbForm=Fin|Voice=Act,fixed,4,,
##,,,,,,,,
кто бы то ни было,NOUN Animacy=Anim|Case=Ins|Gender=Masc|Number=Sing,,,,,,,
%,кем,КТО,PRON,Animacy=Anim|Case=Ins|Gender=Masc|Number=Sing,%,0,,
%,бы,БЫ,PART,_,fixed,-3,,
%,то,ТО,PRON,Animacy=Inan|Case=Nom|Gender=Neut|Number=Sing,fixed,-2,,
%,ни,НИ,PART,Polarity=Neg,fixed,-1,,
%,было,БЫТЬ,VERB,Aspect=Imp|Gender=Neut|Mood=Ind|Number=Sing|Tense=Past|VerbForm=Fin|Voice=Act,fixed,4,,
##,,,,,,,,
кто бы то ни было,NOUN Animacy=Anim|Case=Gen|Gender=Masc|Number=Sing,,,,,,,
%,кого,КТО,PRON,Animacy=Anim|Case=Ins|Gender=Masc|Number=Sing,%,0,,
%,бы,БЫ,PART,_,fixed,-3,,
%,то,ТО,PRON,Animacy=Inan|Case=Nom|Gender=Neut|Number=Sing,fixed,-2,,
%,ни,НИ,PART,Polarity=Neg,fixed,-1,,
%,было,БЫТЬ,VERB,Aspect=Imp|Gender=Neut|Mood=Ind|Number=Sing|Tense=Past|VerbForm=Fin|Voice=Act,fixed,4,,
##,,,,,,,,
между прочим,ADV Degree=Pos,,,,,,,
%,между,МЕЖДУ,ADP,_,discourse,0,,
%,прочим,ПРОЧЕЕ,PRON,Animacy=Inan|Case=Ins|Gender=Neut|Number=Sing,fixed,1,,
##,,,,,,,,
менее чем,ADV Degree=Pos,,,,,,,
%,менее,МЕНЕЕ,ADV,Degree=Cmp,case,0,,
%,чем,ЧЕМ,SCONJ,_,fixed,1,,
##,,,,,,,,
меньше чем,ADV Degree=Pos,,,,,,,
%,меньше,МЕНЬШЕ,ADV,Degree=Cmp,case,0,,
%,чем,ЧЕМ,SCONJ,_,fixed,1,,
##,,,,,,,,
навряд ли,ADV Degree=Pos,,,,,,,
%,навряд,ВРЯД,ADV,Degree=Pos,advmod,0,,
%,ли,ЛИ,PART,_,fixed,1,,
##,,,,,,,,
на плаву,ADV Degree=Pos,,,,,,,
%,на,НА,ADP,_,advmod,0,,
%,плаву,ПЛАВ,NOUN,Animacy=Inan|Case=Loc|Gender=Masc|Number=Sing,fixed,1,,
##,,,,,,,,
на полпути,ADV Degree=Pos,,,,,,,
%,на,НА,ADP,_,advmod,0,,
%,полпути,ПОЛПУТИ,NOUN,Animacy=Inan|Case=Loc|Number=Plur,fixed,1,,
##,,,,,,,,
на кой черт,ADV Degree=Pos,,,,,,,
%,на,НА,ADP,_,advmod,0,,
%,кой,ПОЛПУТИ,DET,Animacy=Inan|Case=Acc|Gender=Masc|Number=Sing,fixed,1,,
%,черт,ПОЛПУТИ,NOUN,Animacy=Inan|Case=Acc|Gender=Masc|Number=Sing,fixed,2,,
##,,,,,,,,
наравне с,ADP,,,,,,,
%,наравне,НАРАВНЕ,ADV,Degree=Pos,case,0,,
%,с,С,ADP,_,fixed,1,,
##,,,,,,,,
не прочь,ADV Degree=Pos,,,,,,,
%,не,НЕ,PART,Polarity=Neg,%,0,,
%,прочь,ПРОЧЬ,ADV,Degree=Pos,fixed,1,,
##,,,,,,,,
не то,CCONJ,,,,,,,
%,не,НЕ,PART,Polarity=Neg,cc,-1,,
%,то,ТО,PRON,Animacy=Inan|Case=Nom|Gender=Neut|Number=Sing,fixed,0,,
##,,,,,,,,
не то что,PART,,,,,,,
%,не,НЕ,PART,Polarity=Neg,advmod,-1,,
%,то,ТО,PRON,Animacy=Inan|Case=Nom|Gender=Neut|Number=Sing,fixed,0,,
%,что,ЧТО,SCONJ,_,fixed,1,,
##,,,,,,,,
не то чтобы,PART,,,,,,,
%,не,НЕ,PART,Polarity=Neg,advmod,-1,,
%,то,ТО,PRON,Animacy=Inan|Case=Nom|Gender=Neut|Number=Sing,fixed,0,,
%,чтобы,ЧТОБЫ,SCONJ,_,fixed,1,,
##,,,,,,,,
невзирая на,ADP,,,,,,,
%,невзирая,НЕВЗИРАЯ,ADV,Polarity=Neg,case,0,,
%,на,НА,ADP,_,fixed,1,,
##,,,,,,,,
несмотря на,ADP,,,,,,,
%,несмотря,НЕСМОТРЯ,ADV,Polarity=Neg,case,0,,
%,на,НА,ADP,_,fixed,1,,
##,,,,,,,,
нет-нет да и,PART,,,,,,,
%,нет,НЕТ,PART,Polarity=Neg,advmod,0,,
%,-,-,PUNCT,_,punct,-1,,
%,нет,НЕТ,PART,Polarity=Neg,fixed,2,,
%,да,ДА,CCONJ,_,fixed,3,,
%,и,И,PART,_,fixed,4,,
##,,,,,,,,
ни в коей мере,ADV Degree=Pos,,,,,,,
%,ни,НИ,PART,Polarity=Neg,advmod,0,,
%,в,В,ADP,_,fixed,1,,
%,коей,КОЙ,DET,Case=Loc|Gender=Fem|Number=Sing,fixed,2,,
%,мере,МЕРА,NOUN,Animacy=Inan|Case=Loc|Gender=Fem|Number=Sing,fixed,3,,
##,,,,,,,,
ни в коем случае,ADV Degree=Pos,,,,,,,
%,ни,НИ,PART,Polarity=Neg,advmod,-1,,
%,в,В,ADP,_,fixed,0,,
%,коем,КОЙ,DET,Case=Loc|Gender=Masc|Number=Sing,fixed,-1,,
%,случае,СЛУЧАЙ,NOUN,Animacy=Inan|Case=Loc|Gender=Masc|Number=Sing,fixed,2,,
##,,,,,,,,
ни много ни мало,ADV Degree=Pos,,,,,,,
%,ни,НИ,PART,Polarity=Neg,advmod,-2,,
%,много,МНОГО,ADV,Degree=Pos,fixed,0,,
%,ни,НИ,PART,Polarity=Neg,fixed,1,,
%,мало,МАЛО,ADV,Degree=Pos,fixed,1,,
##,,,,,,,,
ни разу,ADV Degree=Pos,,,,,,,
%,ни,НИ,PART,Polarity=Neg,advmod,0,,
%,разу,РАЗ,NOUN,Animacy=Inan|Case=Par|Gender=Masc|Number=Sing,fixed,1,,
##,,,,,,,,
ни шатко ни валко,ADV Degree=Pos,,,,,,,
%,ни,НИ,PART,Polarity=Neg,advmod,-2,,
%,шатко,ШАТКО,ADV,Degree=Pos,fixed,0,,
%,ни,НИ,PART,Polarity=Neg,fixed,1,,
%,валко,ВАЛКО,ADV,Degree=Pos,fixed,1,,
##,,,,,,,,
никоим образом,ADV Degree=Pos,,,,,,,
%,никоим,НИКОЙ,DET,Case=Ins|Gender=Masc|Number=Sing,advmod,-1,,
%,образом,ОБРАЗ,NOUN,Animacy=Inan|Case=Ins|Gender=Masc|Number=Sing,fixed,0,,
##,,,,,,,,
нон грата,ADV Degree=Pos,,,,,,,
%,нон,НОН,PART,_,amod,-1,,
%,грата,ГРАТА,ADJ,_,fixed,0,,
##,,,,,,,,
ну и,PART,,,,,,,
%,ну,НУ,PART,_,discourse,-1,,
%,и,И,CCONJ,_,fixed,0,,
##,,,,,,,,
ну и,INTJ,,,,,,,
%,ну,НУ,PART,_,parataxis,-1,,
%,и,И,CCONJ,_,fixed,0,,
##,,,,,,,,
оттого что,SCONJ,,,,,,,
%,оттого,ОТТОГО,ADV,Degree=Pos,mark,0,,
%,что,ЧТО,SCONJ,_,fixed,1,,
##,,,,,,,,
оттого,что,CONJ,,,,,,
%,оттого,ОТТОГО,ADV,Degree=Pos,mark,0,,
%,|,|,PUNCT,_,punct,0,,
%,что,ЧТО,SCONJ,_,fixed,0,,
##,,,,,,,,
плоть от плоти,ADV Degree=Pos,,,,,,,
%,плоть,ПЛОТЬ,NOUN,Animacy=Inan|Case=Nom|Gender=Fem|Number=Sing,advmod,0,,
%,от,ОТ,ADP,_,fixed,1,,
%,плоти,ПЛОТЬ,NOUN,Animacy=Inan|Case=Gen|Gender=Fem|Number=Sing,fixed,1,,
##,,,,,,,,
по крайней мере,ADV Degree=Pos,,,,,,,
%,по,ПО,ADP,_,advmod,0,,
%,крайней,КРАЙНИЙ,ADJ,Case=Dat|Degree=Pos|Gender=Fem|Number=Sing,fixed,-1,,
%,мере,МЕРА,NOUN,Animacy=Inan|Case=Dat|Gender=Fem|Number=Sing,fixed,2,,
##,,,,,,,,
по меньшей мере,ADV Degree=Pos,,,,,,,
%,по,ПО,ADP,_,advmod,0,,
%,меньшей,МЕНЬШИЙ,ADJ,Case=Dat|Degree=Pos|Gender=Fem|Number=Sing,fixed,-1,,
%,мере,МЕРА,NOUN,Animacy=Inan|Case=Dat|Gender=Fem|Number=Sing,fixed,2,,
##,,,,,,,,
по мере,ADP,,,,,,,
%,по,ПО,ADP,_,case,0,,
%,мере,МЕРА,NOUN,Animacy=Inan|Case=Dat|Gender=Fem|Number=Sing,fixed,1,,
##,,,,,,,,
по мере того как,SCONJ,,,,,,,
%,по,ПО,ADP,_,mark,0,,
%,мере,МЕРА,NOUN,Animacy=Inan|Case=Dat|Gender=Fem|Number=Sing,fixed,1,,
%,того,ТО,PRON,Animacy=Inan|Case=Gen|Gender=Neut|Number=Sing,fixed,1,,
%,как,КАК,SCONJ,_,fixed,1,,
##,,,,,,,,
по мере того, как,CONJ,,,,,,
%,по,ПО,ADP,_,mark,0,,
%,мере,МЕРА,NOUN,Animacy=Inan|Case=Dat|Gender=Fem|Number=Sing,fixed,1,,
%,того,ТО,PRON,Animacy=Inan|Case=Gen|Gender=Neut|Number=Sing,fixed,1,,
%,|,|,PUNCT,_,punct,0,,
%,как,КАК,SCONJ,_,fixed,0,,
##,,,,,,,,
по отношению к,ADP,,,,,,,
%,по,ПО,ADP,_,case,0,,
%,отношению,ОТНОШЕНИЕ,NOUN,Animacy=Inan|Case=Dat|Gender=Neut|Number=Sing,fixed,1,,
%,к,К,ADP,_,fixed,1,,
##,,,,,,,,
по поводу,ADP,,,,,,,
%,по,ПО,ADP,_,case,0,,
%,поводу,ПОВОД,NOUN,Animacy=Inan|Case=Dat|Gender=Masc|Number=Sing,fixed,1,,
##,,,,,,,,
по сравнению с,ADP,,,,,,,
%,по,ПО,ADP,_,case,0,,
%,сравнению,СРАВНЕНИЕ,NOUN,Animacy=Inan|Case=Dat|Gender=Neut|Number=Sing,fixed,1,,
%,с,С,ADP,_,fixed,1,,
##,,,,,,,,
по сравнению со,ADP,,,,,,,
%,по,ПО,ADP,_,case,0,,
%,сравнению,СРАВНЕНИЕ,NOUN,Animacy=Inan|Case=Dat|Gender=Neut|Number=Sing,fixed,1,,
%,со,СО,ADP,_,fixed,1,,
##,,,,,,,,
по старинке,ADV Degree=Pos,,,,,,,
%,по,ПО,ADP,_,advmod,0,,
%,старинке,СТАРИНКА,NOUN,Animacy=Inan|Case=Dat|Gender=Fem|Number=Sing,fixed,1,,
##,,,,,,,,
по фиг,ADV Degree=Pos,,,,,,,
%,по,ПО,ADP,_,%,0,,
%,фиг,ФИГ,NOUN,Animacy=Inan|Case=Acc|Gender=Masc|Number=Sing,fixed,2,,
##,,,,,,,,
потому как,SCONJ,,,,,,,
%,потому,ПОТОМУ,ADV,Degree=Pos,mark,0,,
%,как,КАК,SCONJ,_,fixed,1,,
##,,,,,,,,
потому что,SCONJ,,,,,,,
%,потому,ПОТОМУ,ADV,Degree=Pos,mark,0,,
%,что,ЧТО,SCONJ,_,fixed,1,,
##,,,,,,,,
прежде всего,ADV Degree=Pos,,,,,,,
%,прежде,ПРЕЖДЕ,ADP,_,advmod,0,,
%,всего,ВСЕ,PRON,Animacy=Inan|Case=Gen|Gender=Neut|Number=Sing,fixed,1,,
##,,,,,,,,
прежде чем,SCONJ,,,,,,,
%,прежде,ПРЕЖДЕ,ADV,Degree=Pos,mark,0,,
%,чем,ЧЕМ,SCONJ,_,fixed,1,,
##,,,,,,,,
при помощи,ADV Degree=Pos,,,,,,,
%,при,ПРИ,ADP,_,case,0,,
%,помощи,ПОМОЩЬ,NOUN,Animacy=Inan|Case=Loc|Gender=Fem|Number=Sing,fixed,1,,
##,,,,,,,,
при помощи,ADP,,,,,,,
%,при,ПРИ,ADP,_,case,0,,
%,помощи,ПОМОЩЬ,NOUN,Animacy=Inan|Case=Loc|Gender=Fem|Number=Sing,fixed,1,,
##,,,,,,,,
при условии, что,SCONJ,,,,,,
%,при,ПРИ,ADP,_,mark,0,,
%,условии,УСЛОВИЕ,NOUN,Animacy=Inan|Case=Loc|Gender=Neut|Number=Sing,fixed,1,,
%,|,|,PUNCT,_,punct,0,,
%,что,ЧТО,SCONJ,_,fixed,1,,
##,,,,,,,,
при условии что,SCONJ,,,,,,,
%,при,ПРИ,ADP,_,mark,0,,
%,условии,УСЛОВИЕ,NOUN,Animacy=Inan|Case=Loc|Gender=Neut|Number=Sing,fixed,1,,
%,что,ЧТО,SCONJ,_,fixed,1,,
##,,,,,,,,
разве что,ADV Degree=Pos,,,,,,,
%,разве,РАЗВЕ,PART,_,advmod,0,,
%,что,ЧТО,SCONJ,_,fixed,1,,
##,,,,,,,,
разве что,SCONJ,,,,,,,
%,разве,РАЗВЕ,PART,_,mark,0,,
%,что,ЧТО,SCONJ,_,fixed,1,,
##,,,,,,,,
с лихвой,ADV Degree=Pos,,,,,,,
%,с,С,ADP,_,advmod,0,,
%,лихвой,ЛИХВА,NOUN,Animacy=Inan|Case=Ins|Gender=Fem|Number=Sing,fixed,1,,
##,,,,,,,,
с панталыку,ADV Degree=Pos,,,,,,,
%,с,С,ADP,_,advmod,0,,
%,панталыку,ПАНТАЛЫК,NOUN,Animacy=Inan|Case=Par|Gender=Masc|Number=Sing,fixed,1,,
##,,,,,,,,
с поличным,ADV Degree=Pos,,,,,,,
%,с,С,ADP,_,advmod,0,,
%,поличным,ПОЛИЧНОЕ,NOUN,Animacy=Inan|Case=Ins|Gender=Neut|Number=Sing,fixed,1,,
##,,,,,,,,
с помощью,ADP,,,,,,,
%,с,С,ADP,_,case,0,,
%,помощью,ПОМОЩЬ,NOUN,Animacy=Inan|Case=Ins|Gender=Fem|Number=Sing,fixed,1,,
##,,,,,,,,
с тех пор,ADV Degree=Pos,,,,,,,
%,с,С,ADP,_,advmod,0,,
%,тех,ТОТ,DET,Case=Gen|Number=Plur,fixed,-1,,
%,пор,ПОРА,NOUN,Animacy=Inan|Case=Gen|Gender=Fem|Number=Plur,fixed,2,,
##,,,,,,,,
 с тех пор,как,SCONJ,,,,,,
%,с,С,ADP,_,mark,0,,
%,тех,ТОТ,DET,Case=Gen|Number=Plur,fixed,-1,,
%,пор,ПОРА,NOUN,Animacy=Inan|Case=Gen|Gender=Fem|Number=Plur,fixed,2,,
%,|,|,PUNCT,_,punct,0,,
%,как,КАК,SCONJ,_,fixed,0,,
##,,,,,,,,
с тех пор как,SCONJ,,,,,,,
%,с,С,ADP,_,mark,0,,
%,тех,ТОТ,DET,Case=Gen|Number=Plur,fixed,-1,,
%,пор,ПОРА,NOUN,Animacy=Inan|Case=Gen|Gender=Fem|Number=Plur,fixed,2,,
%,как,КАК,SCONJ,_,fixed,2,,
##,,,,,,,,
святая святых,NOUN Animacy=Inan|Case=Nom|Gender=Fem|Number=Sing,,,,,,,
%,святая,СВЯТОЙ,ADJ,Animacy=Inan|Case=Nom|Degree=Pos|Gender=Fem|Number=Sing,%,0,,
%,святых,СВЯТОЙ,ADJ,Case=Gen|Degree=Pos|Number=Plur,nmod,1,,
##,,,,,,,,
святая святых,NOUN Animacy=Inan|Case=Acc|Gender=Fem|Number=Sing,,,,,,,
%,святая,СВЯТОЙ,ADJ,Animacy=Inan|Case=Nom|Degree=Pos|Gender=Fem|Number=Sing,%,0,,
%,святых,СВЯТОЙ,ADJ,Case=Gen|Degree=Pos|Number=Plur,nmod,1,,
##,,,,,,,,
со стороны,ADV Degree=Pos,,,,,,,
%,со,СО,ADP,_,case,0,,
%,стороны,СТОРОНА,NOUN,Animacy=Inan|Case=Gen|Gender=Fem|Number=Sing,fixed,1,,
##,,,,,,,,
т тчк е,ADV Degree=Pos,,,,,,,
%,т.,ТО,PRON,Animacy=Inan|Case=Nom|Gender=Neut|Number=Sing,mark,0,,
%,е.,БЫТЬ,VERB,Aspect=Imp|Mood=Ind|Number=Sing|Person=3|Tense=Pres|VerbForm=Fin|Voice=Act,fixed,1,,
##,,,,,,,,
т. д,ADV Degree=Pos,,,,,,,
%,т.,ТАК,ADV,Degree=Pos,conj,-1,,
%,д.,ДАЛЕЕ,ADV,Degree=Pos,fixed,0,,
##,,,,,,,,
т. д.,ADV Degree=Pos,,,,,,,
%,т.,ТАК,ADV,Degree=Pos,conj,-1,,
%,д.,ДАЛЕЕ,ADV,Degree=Pos,fixed,0,,
##,,,,,,,,
т.д.,ADV Degree=Pos,,,,,,,
%,т.,ТАК,ADV,Degree=Pos,conj,-1,,
%,д.,ДАЛЕЕ,ADV,Degree=Pos,fixed,0,,
##,,,,,,,,
т.д,ADV Degree=Pos,,,,,,,
%,т.,ТАК,ADV,Degree=Pos,conj,-1,,
%,д.,ДАЛЕЕ,ADV,Degree=Pos,fixed,0,,
##,,,,,,,,
т. к.,SCONJ,,,,,,,
%,так,ТАК,ADV,Degree=Pos,mark,0,,
%,как,КАК,SCONJ,_,fixed,0,,
##,,,,,,,,
т.к.,SCONJ,,,,,,,
%,так,ТАК,ADV,Degree=Pos,mark,0,,
%,как,КАК,SCONJ,_,fixed,0,,
##,,,,,,,,
т. е,ADV Degree=Pos,,,,,,,
%,т.,ТО,PRON,Animacy=Inan|Case=Nom|Gender=Neut|Number=Sing,mark,0,,
%,е.,БЫТЬ,VERB,Aspect=Imp|Mood=Ind|Number=Sing|Person=3|Tense=Pres|VerbForm=Fin|Voice=Act,fixed,1,,
##,,,,,,,,
т.е,ADV Degree=Pos,,,,,,,
%,т.,ТО,PRON,Animacy=Inan|Case=Nom|Gender=Neut|Number=Sing,mark,0,,
%,е.,БЫТЬ,VERB,Aspect=Imp|Mood=Ind|Number=Sing|Person=3|Tense=Pres|VerbForm=Fin|Voice=Act,fixed,1,,
##,,,,,,,,
т.е.,ADV Degree=Pos,,,,,,,
%,т.,ТО,PRON,Animacy=Inan|Case=Nom|Gender=Neut|Number=Sing,mark,0,,
%,е.,БЫТЬ,VERB,Aspect=Imp|Mood=Ind|Number=Sing|Person=3|Tense=Pres|VerbForm=Fin|Voice=Act,fixed,1,,
##,,,,,,,,
т. е.,ADV Degree=Pos,,,,,,,
%,т.,ТО,PRON,Animacy=Inan|Case=Nom|Gender=Neut|Number=Sing,mark,0,,
%,е.,БЫТЬ,VERB,Aspect=Imp|Mood=Ind|Number=Sing|Person=3|Tense=Pres|VerbForm=Fin|Voice=Act,fixed,1,,
##,,,,,,,,
т тчк п,ADV Degree=Pos,,,,,,,
%,т.,ТО,PRON,Animacy=Inan|Case=Dat|Gender=Neut|Number=Sing,conj,-1,,
%,п.,ПОДОБНЫЙ,ADJ,Case=Nom|Degree=Pos|Gender=Neut|Number=Sing,fixed,0,,
##,,,,,,,,
т. п.,ADV Degree=Pos,,,,,-1,,
%,т.,ТО,PRON,Animacy=Inan|Case=Dat|Gender=Neut|Number=Sing,conj,0,,
%,п.,ПОДОБНЫЙ,ADJ,Case=Nom|Degree=Pos|Gender=Neut|Number=Sing,fixed,,,
##,,,,,,,,
т. п,ADV Degree=Pos,,,,,,,
%,т.,ТО,PRON,Animacy=Inan|Case=Dat|Gender=Neut|Number=Sing,conj,-1,,
%,п.,ПОДОБНЫЙ,ADJ,Case=Nom|Degree=Pos|Gender=Neut|Number=Sing,fixed,0,,
##,,,,,,,,
т.п,ADV Degree=Pos,,,,,,,
%,т.,ТО,PRON,Animacy=Inan|Case=Dat|Gender=Neut|Number=Sing,conj,-1,,
%,п.,ПОДОБНЫЙ,ADJ,Case=Nom|Degree=Pos|Gender=Neut|Number=Sing,fixed,0,,
##,,,,,,,,
т.п.,ADV Degree=Pos,,,,,,,
%,т.,ТО,PRON,Animacy=Inan|Case=Dat|Gender=Neut|Number=Sing,conj,-1,,
%,п.,ПОДОБНЫЙ,ADJ,Case=Nom|Degree=Pos|Gender=Neut|Number=Sing,fixed,0,,
##,,,,,,,,
т.п.,NOUN Animacy=Inan|Case=Gen|Gender=Neut|Number=Sing,,,,,,,
%,т.,ТО,PRON,Animacy=Inan|Case=Dat|Gender=Neut|Number=Sing,conj,-1,,
%,п.,ПОДОБНЫЙ,ADJ,Case=Nom|Degree=Pos|Gender=Neut|Number=Sing,fixed,0,,
##,,,,,,,,
л.с.,NOUN Animacy=Inan|Case=Gen|Gender=Fem|Number=Plur,,,,,,,
%,л.,Л,ADJ,_,amod,-1,,
%,с.,С,NOUN,Animacy=Inan|Case=Gen|Gender=Fem|Number=Plur,%,0,,
##,,,,,,,,
и.о.,NOUN Animacy=Anim|Case=Nom|Gender=Masc|Number=Sing,,,,,,,
%,и.,И,VERB,_,%,0,,
%,о.,О,NOUN,Animacy=Inan|Case=Acc|Gender=Fem|Number=Plur,obj,1,,
##,,,,,,,,
н тчк э,NOUN Animacy=Inan|Case=Gen|Gender=Fem|Number=Sing,,,,,,,
%,н.,НАША,DET,Animacy=Inan|Case=Gen|Gender=Fem|Number=Sing,conj,-1,,
%,э.,ЭРА,NOUN,Case=Gen|Degree=Pos|Gender=Fem|Number=Sing,fixed,0,,
##,,,,,,,,
так же как,CCONJ,,,,,,,
%,так,ТАК,ADV,Degree=Pos,cc,0,,
%,же,ЖЕ,PART,_,fixed,1,,
%,как,КАК,SCONJ,_,fixed,2,,
##,,,,,,,,
так же, как,СCONJ,,,,,,
%,так,ТАК,ADV,Degree=Pos,cc,0,,
%,же,ЖЕ,PART,_,fixed,1,,
%,|,|,PUNCT,_,punct,0,,
%,как,КАК,SCONJ,_,fixed,0,,
##,,,,,,,,
так и,CCONJ,,,,,,,
%,так,ТАК,ADV,Degree=Pos,cc,-1,,
%,и,И,PART,_,fixed,0,,
##,,,,,,,,
так как,SCONJ,,,,,,,
%,так,ТАК,ADV,Degree=Pos,mark,-1,,
%,как,КАК,SCONJ,_,fixed,0,,
##,,,,,,,,
так что,SCONJ,,,,,,,
%,так,ТАК,ADV,Degree=Pos,mark,-1,,
%,что,ЧТО,SCONJ,_,fixed,0,,
##,,,,,,,,
тем более,ADV Degree=Pos,,,,,,,
%,тем,ТО,PRON,Animacy=Inan|Case=Ins|Gender=Neut|Number=Sing,%,-1,,
%,более,БОЛЕЕ,ADV,Degree=Cmp,fixed,0,,
##,,,,,,,,
тем более,PART,,,,,,,
%,тем,ТО,PRON,Animacy=Inan|Case=Ins|Gender=Neut|Number=Sing,%,-1,,
%,более,БОЛЕЕ,ADV,Degree=Cmp,fixed,0,,
##,,,,,,,,
тем не менее,ADV Degree=Pos,,,,,,,
%,тем,ТО,PRON,Animacy=Inan|Case=Ins|Gender=Neut|Number=Sing,discourse,0,,
%,не,НЕ,PART,Polarity=Neg,fixed,1,,
%,менее,МЕНЕЕ,ADV,Degree=Cmp,fixed,1,,
##,,,,,,,,
то бишь,ADV Degree=Pos,,,,,,,
%,то,ТО,PRON,Animacy=Inan|Case=Nom|Gender=Neut|Number=Sing,cc,0,,
%,бишь,БИШЬ,PART,_,fixed,1,,
##,,,,,,,,
то есть,ADV Degree=Pos,,,,,,,
%,то,ТО,PRON,Animacy=Inan|Case=Nom|Gender=Neut|Number=Sing,mark,0,,
%,есть,БЫТЬ,VERB,Aspect=Imp|Mood=Ind|Number=Sing|Person=3|Tense=Pres|VerbForm=Fin|Voice=Act,fixed,1,,
##,,,,,,,,
тогда как,SCONJ,,,,,,,
%,тогда,ТОГДА,ADV,Degree=Pos,mark,0,,
%,как,КАК,SCONJ,_,fixed,1,,
##,,,,,,,,
тому назад,ADP,,,,,,,
%,тому,ТО,PRON,Animacy=Inan|Case=Dat|Gender=Neut|Number=Sing,advmod,-1,,
%,назад,НАЗАД,ADV,Degree=Pos,fixed,0,,
##,,,,,,,,
хотя бы,ADV Degree=Pos,,,,,,,
%,хотя,ХОТЯ,PART,_,advmod,0,,
%,бы,БЫ,PART,_,fixed,1,,
##,,,,,,,,
хотя бы,PART,,,,,,,
%,хотя,ХОТЯ,PART,_,advmod,0,,
%,бы,БЫ,PART,_,fixed,1,,
##,,,,,,,,
хоть бы,PART,,,,,,,
%,хоть,ХОТЯ,PART,_,advmod,0,,
%,бы,БЫ,PART,_,fixed,1,,
##,,,,,,,,
что ни на есть,PART,,,,,,,
%,что,ЧТО,PRON,Animacy=Inan|Case=Nom|Gender=Neut|Number=Sing,advmod,-3,,
%,ни,НИ,PART,Polarity=Neg,fixed,-2,,
%,на,НА,ADP,_,fixed,-1,,
%,есть,БЫТЬ,VERB,Aspect=Imp|Mood=Ind|Number=Sing|Person=3|Tense=Pres|VerbForm=Fin|Voice=Act,fixed,0,,
##,,,,,,,,
чуть ли не,ADV Degree=Pos,,,,,,,
%,чуть,ЧУТЬ,ADV,Degree=Pos,advmod,-2,,
%,ли,ЛИ,PART,_,fixed,1,,
%,не,НЕ,PART,Polarity=Neg,fixed,0,,
##,,,,,,,,
чуть ли не,PART,,,,,,,
%,чуть,ЧУТЬ,ADV,Degree=Pos,advmod,-2,,
%,ли,ЛИ,PART,_,fixed,1,,
%,не,НЕ,PART,Polarity=Neg,fixed,0,,
##,,,,,,,,
чуть не,PART,,,,,,,
%,чуть,ЧУТЬ,ADV,Degree=Pos,advmod,0,,
%,не,НЕ,PART,Polarity=Neg,fixed,0,,
##,,,,,,,,
гранд отель,NOUN Animacy=Inan|Case=Nom|Gender=Masc|Number=Sing,,,,,,,
%,Гранд,ГРАНД,ADJ,_,amod,1,,
%,Отель,ОТЕЛЬ,NOUN,Animacy=Inan|Case=Nom|Gender=Masc|Number=Sing,%,0,,
##,,,,,,,,
сктб нм,PROPN Animacy=Inan|Case=Nom|Gender=Neut|Number=Sing,,,,,,,
%,СКТБ,СКТБ,PROPN,Animacy=Inan|Case=Nom|Gender=Masc|Number=Sing,%,0,,
%,НМ,НМ,PROPN,Animacy=Inan|Case=Nom|Gender=Masc|Number=Sing,flat,1,,
##,,,,,,,,
сктб нм,NOUN Animacy=Inan|Case=Nom|Gender=Neut|Number=Sing,,,,,,,
%,СКТБ,СКТБ,PROPN,Animacy=Inan|Case=Nom|Gender=Masc|Number=Sing,%,1,,
%,НМ,НМ,PROPN,Animacy=Inan|Case=Nom|Gender=Masc|Number=Sing,flat,0,,
##,,,,,,0,,
да винчи,NOUN Animacy=Anim|Case=Gen|Gender=Masc|Number=Sing,,,,,,,
%,да,ДА,ADP,_,%,-1,,
%,Винчи,ВИНЧИ,PROPN,Animacy=Anim|Case=Nom|Gender=Masc|Number=Sing,flat,0,,
##,,,,,,,,
дель арте,ADV Degree=Pos,,,,,,,
%,дель,ДЕЛЬ,ADP,_,amod,-1,,
%,арте,АРТЕ,NOUN,_,flat,0,,
##,,,,,,,,
дэн сяопин,PROPN Animacy=Anim|Case=Gen|Gender=Masc|Number=Plur,,,,,,,
%,Дэн,ДЭН,PROPN,Animacy=Anim|Case=Gen|Gender=Masc|Number=Plur,%,0,,
%,Сяопинов,СЯОПИН,PROPN,Animacy=Anim|Case=Gen|Gender=Masc|Number=Plur,flat,1,,
##,,,,,,,,
зав. кафедрой,NOUN,,,,,,,
%,зав.,ЗАВ.,NOUN,_,%,0,,
%,кафедрой,КАФЕДРА,NOUN,Animacy=Inan|Case=Ins|Gender=Fem|Number=Sing,nmod,1,,
##,,,,,,,,
ким чен ир,PROPN Animacy=Anim|Case=Nom|Gender=Masc|Number=Sing,,,,,,,
%,Ким,КИМ,PROPN,Animacy=Anim|Case=Nom|Gender=Masc|Number=Sing,%,0,,
%,Чен,ЧЕН,PROPN,Animacy=Anim|Case=Nom|Gender=Masc|Number=Sing,flat,1,,
%,Ир,ИР,PROPN,Animacy=Anim|Case=Nom|Gender=Masc|Number=Sing,flat,1,,
##,,,,,,,,
ким чен ир,PROPN Animacy=Anim|Case=Acc|Gender=Masc|Number=Sing,,,,,,,
%,Ким,КИМ,PROPN,Animacy=Anim|Case=Acc|Gender=Masc|Number=Sing,%,0,,
%,Чен,ЧЕН,PROPN,Animacy=Anim|Case=Acc|Gender=Masc|Number=Sing,flat,1,,
%,Ира,ИР,PROPN,Animacy=Anim|Case=Acc|Gender=Masc|Number=Sing,flat,1,,
##,,,,,,,,
ким чен ир,PROPN Animacy=Anim|Case=Dat|Gender=Masc|Number=Sing,,,,,,,
%,Ким,КИМ,PROPN,Animacy=Anim|Case=Dat|Gender=Masc|Number=Sing,%,0,,
%,Чен,ЧЕН,PROPN,Animacy=Anim|Case=Dat|Gender=Masc|Number=Sing,flat,1,,
%,Иру,ИР,PROPN,Animacy=Anim|Case=Dat|Gender=Masc|Number=Sing,flat,1,,
##,,,,,,,,
лим дон вон,PROPN Animacy=Anim|Case=Nom|Gender=Masc|Number=Sing,,,,,,,
%,Лим,ЛИМ,PROPN,Animacy=Anim|Case=Nom|Gender=Masc|Number=Sing,%,0,,
%,Дон,ДОН,PROPN,Animacy=Anim|Case=Nom|Gender=Masc|Number=Sing,flat,1,,
%,Вон,ВОН,PROPN,Animacy=Anim|Case=Nom|Gender=Masc|Number=Sing,flat,1,,
##,,,,,,,,
ким дэ чжун,PROPN Animacy=Anim|Case=Gen|Gender=Masc|Number=Sing,,,,,,,
%,Ким,ЛИМ,PROPN,Animacy=Anim|Case=Gen|Gender=Masc|Number=Sing,%,0,,
%,Дэ,ДОН,PROPN,Animacy=Anim|Case=Gen|Gender=Masc|Number=Sing,flat,1,,
%,Чжуна,ВОН,PROPN,Animacy=Anim|Case=Gen|Gender=Masc|Number=Sing,flat,1,,
##,,,,,,,,
кинг конг,PROPN Animacy=Anim|Case=Nom|Gender=Masc|Number=Sing,,,,,,,
%,Кинг,КИНГ,PROPN,Animacy=Anim|Case=Nom|Gender=Masc|Number=Sing,%,0,,
%,Конг,КОНГ,PROPN,Animacy=Anim|Case=Nom|Gender=Masc|Number=Sing,flat,1,,
##,,,,,,,,
коста бланка,PROPN Animacy=Inan|Case=Nom|Gender=Fem|Number=Sing,,,,,,,
%,Коста,КОСТА,PROPN,Animacy=Inan|Case=Nom|Gender=Fem|Number=Sing,%,0,,
%,Бланка,БЛАНКА,ADJ,_,appos,1,,
##,,,,,,,,
коста бланка,PROPN Animacy=Inan|Case=Nom|Gender=Masc|Number=Sing,,,,,,,
%,Коста,КОСТА,PROPN,Animacy=Inan|Case=Nom|Gender=Fem|Number=Sing,%,0,,
%,Бланка,БЛАНКА,ADJ,_,appos,1,,
##,,,,,,,,
леруа мерлен,NOUN Animacy=Inan|Case=Loc|Gender=Masc|Number=Sing,,,,,,,
%,Леруа,ЛЕРУА,PROPN,_,%,0,,
%,Мерлен,МЕРЛЕН,PROPN,Animacy=Anim|Case=Nom|Gender=Masc|Number=Sing,flat,1,,
##,,,,,,,,
лоя джирга,NOUN Animacy=Inan|Case=Gen|Gender=Fem|Number=Sing,,,,,,,
%,Лоя,ЛОЯ,PROPN,_,%,0,,
%,джирги,ДЖИРГИ,PROPN,_,flat,1,,
##,,,,,,,,
о-цуки-сама-но канэ,X Foreign=Yes,,,,,,,
%,О-ЦУКИ-САМА-НО,О-ЦУКИ-САМА-НО,PROPN,Foreign=Yes,%,0,,
%,КАНЭ,КАНЭ,PROPN,Foreign=Yes,flat,1,,
##,,,,,,,,
фина трофи,X Foreign=Yes,,,,,,,
%,Фина,ФИНА,PROPN,_,%,0,,
%,Трофи,ТРОФИ,PROPN,_,flat,1,,
##,,,,,,,,
манчестер юнайтед,NOUN Animacy=Inan|Case=Gen|Gender=Masc|Number=Sing,,,,,,,
%,Манчестер,МАНЧЕСТЕР,PROPN,Animacy=Inan|Case=Nom|Gender=Masc|Number=Sing,%,0,,
%,Юнайтед,ЮНАЙТЕД,ADJ,_,flat,1,,
##,,,,,,,,
мао цзедун,PROPN Animacy=Anim|Case=Acc|Gender=Masc|Number=Sing,,,,,,,
%,Мао,МАО,PROPN,Animacy=Anim|Case=Acc|Gender=Masc|Number=Sing,%,0,,
%,Цзэдуна,ЦЗЭДУН,PROPN,Animacy=Anim|Case=Acc|Gender=Masc|Number=Sing,flat,1,,
##,,,,,,,,
мао цзедун,PROPN Animacy=Anim|Case=Gen|Gender=Masc|Number=Sing,,,,,,,
%,Мао,МАО,PROPN,Animacy=Anim|Case=Gen|Gender=Masc|Number=Sing,%,0,,
%,Цзэдуна,ЦЗЭДУН,PROPN,Animacy=Anim|Case=Gen|Gender=Masc|Number=Sing,flat,1,,
##,,,,,,,,
мао цзедун,PROPN Animacy=Anim|Case=Dat|Gender=Masc|Number=Sing,,,,,,,
%,Мао,МАО,PROPN,Animacy=Anim|Case=Dat|Gender=Masc|Number=Sing,%,0,,
%,Цзэдуну,ЦЗЭДУН,PROPN,Animacy=Anim|Case=Dat|Gender=Masc|Number=Sing,flat,1,,
##,,,,,,,,
ми-8 мт,NOUN Animacy=Inan|Case=Nom|Gender=Masc|Number=Sing,,,,,,,
%,Ми-8,МИ-8,PROPN,Animacy=Inan|Case=Nom|Gender=Masc|Number=Sing,%,0,,
%,МТ,МТ,ADJ,_,appos,1,,
##,,,,,,,,
нью-йорк таймс,PROPN Animacy=Inan|Case=Nom|Gender=Fem|Number=Sing,,,,,,,
%,Нью-Йорк,НЬЮ-ЙОРК,PROPN,Animacy=Inan|Case=Nom|Gender=Masc|Number=Sing,%,-1,,
%,Таймс,ТАЙМС,PROPN,Animacy=Inan|Case=Nom|Gender=Fem|Number=Sing,flat,0,,
##,,,,,,,,
нью-йорк таймс,PROPN Animacy=Inan|Case=Gen|Gender=Fem|Number=Sing,,,,,,,
%,Нью-Йорк,НЬЮ-ЙОРК,PROPN,Animacy=Inan|Case=Nom|Gender=Masc|Number=Sing,%,-1,,
%,Таймс,ТАЙМС,PROPN,Animacy=Inan|Case=Nom|Gender=Fem|Number=Sing,flat,0,,
##,,,,,,,,
нью-йорк таймс,NOUN Animacy=Inan|Case=Nom|Gender=Fem|Number=Sing,,,,,,,
%,Нью-Йорк,НЬЮ-ЙОРК,PROPN,Animacy=Inan|Case=Nom|Gender=Masc|Number=Sing,%,-1,,
%,Таймс,ТАЙМС,PROPN,Animacy=Inan|Case=Nom|Gender=Fem|Number=Sing,flat,0,,
##,,,,,,,,
нью-йорк таймс,NOUN Animacy=Inan|Case=Gen|Gender=Fem|Number=Sing,,,,,,,
%,Нью-Йорк,НЬЮ-ЙОРК,PROPN,Animacy=Inan|Case=Nom|Gender=Masc|Number=Sing,%,-1,,
%,Таймс,ТАЙМС,PROPN,Animacy=Inan|Case=Nom|Gender=Fem|Number=Sing,flat,0,,
##,,,,,,,,
файненшл таймс,PROPN Animacy=Inan|Case=Gen|Gender=Masc|Number=Sing,,,,,,,
%,Financial,ФАЙНЕНШЛ,PROPN,Animacy=Inan|Case=Nom|Foreign=Yes|Gender=Masc|Number=Sing,%,-1,,
%,Times,ТАЙМС,PROPN,Animacy=Inan|Case=Nom|Foreign=Yes|Gender=Fem|Number=Sing,flat,0,,
##,,,,,,,,
пол пот,PROPN Animacy=Anim|Case=Nom|Gender=Masc|Number=Sing,,,,,,,
%,Пол,ПОЛ,PROPN,Animacy=Anim|Case=Nom|Gender=Masc|Number=Sing,%,0,,
%,Пот,ПОТ,PROPN,Animacy=Anim|Case=Nom|Gender=Masc|Number=Sing,flat,1,,
##,,,,,,,,
пол пот,PROPN Animacy=Anim|Case=Ins|Gender=Masc|Number=Sing,,,,,,,
%,Пол,ПОЛ,PROPN,Animacy=Anim|Case=Ins|Gender=Masc|Number=Sing,%,,,
%,Потом,ПОТ,PROPN,Animacy=Anim|Case=Ins|Gender=Masc|Number=Sing,flat,0,,
##,,,,,,1,,
рбк daily,NOUN Animacy=Inan|Case=Dat|Gender=Neut|Number=Sing,,,,,,,
%,РБК,РБК,PROPN,Animacy=Inan|Case=Nom|Gender=Masc|Number=Sing,%,0,,
%,daily,DAILY,ADJ,Foreign=Yes,appos,1,,
##,,,,,,,,
сан лоренцо,PROPN Animacy=Inan|Case=Nom|Gender=Masc|Number=Sing,,,,,,,
%,Сан,САН,PROPN,_,%,0,,
%,Лоренцо,ЛОРЕНЦО,PROPN,Animacy=Anim|Case=Nom|Gender=Masc|Number=Sing,flat,1,,
##,,,,,,,,
сарасота бей,PROPN Animacy=Inan|Case=Loc|Gender=Masc|Number=Sing,,,,,,,
%,Сарасота,САРАСОТА,PROPN,Animacy=Anim|Case=Nom|Gender=Masc|Number=Sing,%,0,,
%,Бей,БЕЙ,PROPN,Animacy=Anim|Case=Nom|Gender=Masc|Number=Sing,flat,1,,
##,,,,,,,,
фри-пресс джорнэл,NOUN Animacy=Inan|Case=Nom|Gender=Masc|Number=Sing,,,,,,,
%,Фри-Пресс,ФРИ-ПРЕСС,ADJ,_,%,0,,
%,Джорнэл,ДЖОРНЭЛ,NOUN,Animacy=Inan|Case=Nom|Gender=Masc|Number=Sing,flat,1,,
##,,,,,,,,
чан кайши,PROPN Animacy=Anim|Case=Gen|Gender=Masc|Number=Sing,,,,,,,
%,Чан,ЧАН,PROPN,Animacy=Anim|Case=Gen|Gender=Masc|Number=Sing,%,0,,
%,Кайши,КАЙШИ,PROPN,Animacy=Anim|Case=Gen|Gender=Masc|Number=Sing,flat,1,, 
##,,,,,,,,
чан кайши,PROPN Animacy=Anim|Case=Acc|Gender=Masc|Number=Sing,,,,,,,
%,Чан,ЧАН,PROPN,Animacy=Anim|Case=Acc|Gender=Masc|Number=Sing,%,0,,
%,Кайши,КАЙШИ,PROPN,Animacy=Anim|Case=Acc|Gender=Masc|Number=Sing,flat,1,,
##,,,,,,,,
чан кайши,PROPN Animacy=Anim|Case=Ins|Gender=Masc|Number=Sing,,,,,,,
%,Чан,ЧАН,PROPN,Animacy=Anim|Case=Ins|Gender=Masc|Number=Sing,%,0,,
%,Кайши,КАЙШИ,PROPN,Animacy=Anim|Case=Ins|Gender=Masc|Number=Sing,flat,1,,
##,,,,,,,,
примо де ривера,NOUN Animacy=Inan|Case=Gen|Gender=Masc|Number=Sing,,,,,,,
%,Примо,ПРИМО,PROPN,Animacy=Anim|Case=Gen|Gender=Masc|Number=Sing,%,0,,
%,Де,ДЕ,PROPN,Animacy=Anim|Case=Gen|Gender=Masc|Number=Sing,flat,-1,,
%,Ривера,РИВЕРА,PROPN,Animacy=Anim|Case=Gen|Gender=Masc|Number=Sing,flat,2,,
##,,,,,,,,
эль греко,PROPN Animacy=Anim|Case=Ins|Gender=Masc|Number=Sing,,,,,,,
%,Эль,ЭЛЬ,PROPN,_,%,-1,,
%,Греко,ГРЕКО,PROPN,Animacy=Anim|Case=Nom|Gender=Masc|Number=Sing,flat,0,,
##,,,,,,,,
хомо сапиенс,NOUN Animacy=Anim|Case=Nom|Gender=Masc|Number=Sing,,,,,,,
%,Хомо,ХОМО,PROPN,_,%,0,,
%,Сапиенс,САПИЕНС,PROPN,Animacy=Anim|Case=Nom|Foreign=Yes|Gender=Masc|Number=Sing,flat,1,,
##,,,,,,,,
хомо сапиенс,PROPN Animacy=Anim|Case=Gen|Gender=Masc|Number=Sing,,,,,,,
%,Homo,ХОМО,PROPN,_,%,0,,
%,Sapiens,САПИЕНС,PROPN,Animacy=Anim|Case=Gen|Foreign=Yes|Gender=Masc|Number=Sing,flat,1,,
##,,,,,,,,
хомо сапиенс,NOUN Animacy=Anim|Case=Gen|Gender=Masc|Number=Sing,,,,,,,
%,Homo,ХОМО,PROPN,_,%,0,,
%,Sapiens,САПИЕНС,PROPN,Animacy=Anim|Case=Gen|Foreign=Yes|Gender=Masc|Number=Sing,flat,1,,
##,,,,,,,,
хомо сапиенс,NOUN Animacy=Anim|Case=Acc|Gender=Masc|Number=Sing,,,,,,,
%,Homo,ХОМО,PROPN,_,%,0,,
%,Sapiens,САПИЕНС,PROPN,Animacy=Anim|Case=Acc|Foreign=Yes|Gender=Masc|Number=Sing,flat,1,,
##,,,,,,,,
др тчк,NOUN Animacy=Inan|Case=Nom|Gender=Neut|Number=Sing,,,,,,,
%,др,др,NOUN,Animacy=Inan|Case=Nom|Gender=Neut|Number=Sing,%,0,,
##,,,,,,,,
км нкл ч,NOUN Animacy=Inan|Case=Gen|Gender=Masc|Number=Plur,,,,,,,
%,км/ч,км/ч,NOUN,Animacy=Inan|Case=Gen|Gender=Masc|Number=Plur,%,0,,
##,,,,,,,,
м нкл с,NOUN Animacy=Inan|Case=Gen|Gender=Masc|Number=Plur,,,,,,,
%,м/ч,м/ч,NOUN,Animacy=Inan|Case=Gen|Gender=Masc|Number=Plur,%,0,,
##,,,,,,,,
равно как и,ADV Degree=Pos,,,,,,,
%,равно,РАВНО,ADV,Degree=Pos|Gender=Neut|Number=Sing|Variant=Short,0,-1,,
%,как,КАК,SCONJ,_,0,0,,
%,и,И,PART,_,0,1,,
##,,,,,,,,
равно как и,CCONJ,,,,,,,
%,равно,РАВНО,ADV,Degree=Pos|Gender=Neut|Number=Sing|Variant=Short,0,-1,,
%,как,КАК,SCONJ,_,0,0,,
%,и,И,PART,_,0,1,,
##,,,,,,,,
в живых,ADV Degree=Pos,,,,,,,
%,в,В,ADP,_,case,-1,,
%,живых,ЖИВОЙ,ADJ,Case=Loc|Degree=Pos|Number=Plur,0,0,,
##,,,,,,,,
с глазу на глаз,ADV Degree=Pos,,,,,,,
%,с,С,ADP,_,case,-1,,
%,глазу,ГЛАЗ,NOUN,Animacy=Inan|Case=Par|Gender=Masc|Number=Sing,0,0,,
%,на,НА,ADP,_,case,1,,
%,глаз,ГЛАЗ,NOUN,Animacy=Inan|Case=Acc|Gender=Masc|Number=Sing,fixed,2,,
##,,,,,,,,
между тем,ADV Degree=Pos,,,,,,,
%,между,МЕЖДУ,ADP,_,case,-1,,
%,тем,ТО,PRON,Animacy=Inan|Case=Ins|Gender=Neut|Number=Sing,0,0,,
##,,,,,,,,
в районе,ADP,,,,,,,
%,в,В,ADP,_,case,-1,,
%,районе,РАЙОН,NOUN,Animacy=Inan|Cas=Loc|Gender=Masc|Number=Sing,0,0,,
##,,,,,,,,
в районе,ADV,,,,,,,
%,в,В,ADP,_,case,-1,,
%,районе,РАЙОН,NOUN,Animacy=Inan|Cas=Loc|Gender=Masc|Number=Sing,nmod,0,,
##,,,,,,,,
пока что,SCONJ,,,,,,,
%,пока,ПОКА,ADV,Degree=Pos,advmod,0,,
%,что,ЧТОБЫ,SCONJ,_,fixed,1,,
##,,,,,,,,
пока что,ADV,,,,,,,
%,пока,ПОКА,ADV,Degree=Pos,advmod,0,,
%,что,ЧТО,SCONJ,_,fixed,1,,
##,,,,,,,,
едва ли не,PART,,,,,,,
%,едва,ЕДВА,ADV,Degree=Pos,advmod,-2,,
%,ли,ЛИ,PART,_,fixed,-1,,
%,не,НЕ,PART,_,0,0,,
##,,,,,,,,
едва ли не,ADV,,,,,,,
%,едва,ЕДВА,ADV,Degree=Pos,advmod,-2,,
%,ли,ЛИ,PART,_,fixed,-1,,
%,не,НЕ,PART,_,0,0,,
##,,,,,,,,
и так,ADV Degree=Pos,,,,,,,
%,и,И,PART,_,advmod,-1,,
%,так,ТАК,ADV,Degree=Pos,0,0,,
##,,,,,,,,
после того как,SCONJ,,,,,,,
%,после,ПОСЛЕ,ADP,_,case,-1,,
%,того,ТО,PRON,Animacy=Inan|Case=Gen|Gender=Neut|Number=Sing,0,0,,
%,как,КАК,SCONJ,_,0,0,,
##,,,,,,,,
раз и навсегда,ADV Degree=Pos,,,,,,,
%,раз,РАЗ,NOUN,Animacy=Inan|Case=Acc|Gender=Masc|Number=Sing,0,0,,
%,и,И,CCONJ,_,cc,-1,,
%,навсегда,НАВСЕГДА,ADV,Degree=Pos,conj,2,,
##,,,,,,,,
судя по всему,ADV Degree=Pos,,,,,,,
%,судя,СУДИТЬ,VERB,Aspect=Imp|Tense=Pres|VerbForm=Conv|Voice=Act,0,0,,
%,по,ПО,ADP,_,case,-1,,
%,всему,ВСЁ,NOUN,Animacy=Inan|Case=Dat|Gender=Neut|Number=Sing,obl,2,,
##,,,,,,,,
при чем,PRON,,,,,,,
%,при,ПРИ,ADP,_,case,-1,,
%,чем,ЧТО,PRON,Case=Loc,0,0,,
##,,,,,,,,
с лишним,ADV Degree=Pos,,,,,,,
%,с,С,ADP,_,case,-1,,
%,лишним,ЛИШНИЙ,ADJ,Case=Ins|Degree=Pos|Gender=Neut|Number=Sing,0,0,,
##,,,,,,,,
в целом,ADV Degree=Pos,,,,,,,
%,в,В,ADP,_,case,-1,,
%,целом,ЦЕЛОЕ,NOUN,Animacy=Inan|Case=Loc|Gender=Neut|Number=Sing,0,0,,
##,,,,,,,,
тем более что,SCONJ,,,,,,,
%,тем,ТО,PRON,Animacy=Inan|Case=Ins|Gender=Neut|Number=Sing,obl,-1,,
%,более,БОЛЕЕ,ADV,Degree=Cmp,0,0,,
%,что,ЧТО,SCONJ,_,fixed,1,,
##,,,,,,,,
не только,ADV Degree=Pos,,,,,,,
%,не,НЕ,PART,Polarity=Neg,advmod,-1,,
%,только,ТОЛЬКО,PART,_,0,0,,
##,,,,,,,,
не только,SCONJ,,,,,,,
%,не,НЕ,PART,Polarity=Neg,advmod,0,,
%,только,ТОЛЬКО,PART,_,fixed,1,,
##,,,,,,,,
на выезде,ADV,,,,,,,
%,на,НА,ADP,_,case,-1,,
%,выезде,ВЫЕЗД,NOUN,Animacy=Inan|Case=Loc|Gender=Masc|Number=Sing,0,0,,
##,,,,,,,,
в среднем,ADV Degree=Pos,,,,,,,
%,в,В,ADP,_,case,-1,,
%,среднем,СРЕДНЕЕ,NOUN,Animacy=Inan|Case=Loc|Gender=Neut|Number=Sing,0,0,,
##,,,,,,,,
"с тем, чтобы",SCONJ,,,,,,,
%,с,С,ADP,_,case,-1,,
%,тем,ТО,PRON,Animacy=Inan|Case=Ins|Gender=Neut|Number=Sing,0,0,,
%,",",",",PUNCT,_,punct,0,,
%,чтобы,ЧТОБЫ,SCONJ,_,mark,0,,
##,,,,,,,,
на днях,ADV Degree=Pos,,,,,,,
%,на,НА,ADP,_,case,-1,,
%,днях,ДЕНЬ,NOUN,Animacy=Inan|Case=Loc|Gender=Masc|Number=Plur,obl,0,,
##,,,,,,,,
всё еще,ADV Degree=Pos,,,,,,,
%,всё,ВСЁ,PART,_,advmod,0,,
%,еще,ЕЩЕ,ADV,Degree=Pos,fixed,1,,
##,,,,,,,,
не раз,ADV Degree=Pos,,,,,,,
%,не,НЕ,PART,_,advmod,-1,,
%,раз,РАЗ,NOUN,Animacy=Inan|Case=Acc|Gender=Masc|Number=Sing,0,0,,
##,,,,,,,,
по всей видимости,ADV Degree=Pos,,,,,,,
%,по,ПО,ADP,_,case,-2,,
%,всей,ВЕСЬ,DET,Case=Dat|Gender=Fem|Number=Sing,det,-1,,
%,видимости,ВИДИМОСТЬ,NOUN,Animacy=Inan|Case=Dat|Gender=Fem|Number=Sing,0,0,,
##,,,,,,,,
на самом деле,W,,,,,,,
%,на,НА,ADP,_,case,-2,,
%,самом,САМЫЙ,ADJ,Case=Loc|Degree=Pos|Gender=Neut|Number=Sing,amod,-1,,
%,деле,ДЕЛО,NOUN,Animacy=Inan|Case=Loc|Gender=Neut|Number=Sing,nmod,0,,
##,,,,,,,,
тем самым,W,,,,,,,
%,тем,ТО,PRON,Animacy=Inan|Case=Ins|Gender=Neut|Number=Sing,obl,0,,
%,самым,САМЫЙ,ADJ,Case=Ins|Degree=Pos|Gender=Neut|Number=Sing,amod,1,,
##,,,,,,,,
при этом,W,,,,,,,
%,при,ПРИ,ADP,_,case,-1,,
%,этом,ЭТО,PRON,Animacy=Inan|Case=Loc|Gender=Neut|Number=Sing,obl,0,,
##,,,,,,,,
скорее всего,W,,,,,,,
%,скорее,СКОРЕЕ,ADV,Degree=Pos,parataxis,0,,
%,всего,ВСЕ,PRON,Animacy=Inan|Case=Gen|Gender=Neut|Number=Sing,obl,1,,
##,,,,,,,,
в основном,W,,,,,,,
%,в,В,ADP,_,case,-1,,
%,основном,ОСНОВНОЙ,ADJ,Case=Loc|Degree=Pos|Gender=Masc|Number=Sing,parataxis,0,,
##,,,,,,,,
вместе с тем,W,,,,,,,
%,вместе,ВМЕСТЕ,ADV,Degree=Pos,parataxis,0,,
%,с,С,ADP,_,case,-1,,
%,тем,ТО,PRON,Animacy=Inan|Case=Ins|Gender=Neut|Number=Sing,obl,2,,
##,,,,,,,,
среди прочего,W,,,,,,,
%,среди,СРЕДИ,ADP,_,case,-1,,
%,прочего,ПРОЧИЙ,ADJ,Case=Gen|Degree=Pos|Gender=Neut|Number=Sing,obl,0,,
##,,,,,,,,
к примеру,W,,,,,,,
%,к,К,ADP,_,case,-1,,
%,примеру,ПРИМЕР,NOUN,Animacy=Inan|Case=Dat|Gender=Masc|Number=Sing,parataxis,0,,
##,,,,,,,,
может быть,W,,,,,,,
%,может,МОЧЬ,VERB,Aspect=Imp|Mood=Ind|Number=Sing|Person=3|Tense=Pres|VerbForm=Fin|Voice=Act,parataxis,0,,
%,быть,БЫТЬ,VERB,Aspect=Imp|VerbForm=Inf|Voice=Act,xcomp,1,,
##,,,,,,,,
кроме того,W,,,,,,,
%,кроме,КРОМЕ,ADP,_,case,-1,,
%,того,ТО,PRON,Animacy=Inan|Case=Gen|Gender=Neut|Number=Sing,parataxis,0,,
##,,,,,,,,
и так далее,ADV,,,,,,,
%,и,И,CCONJ,_,сс,-1,,
%,так,ТАК,ADV,Degree=Pos,conj,0,,
%,далее,ДАЛЕЕ,ADV,Degree=Pos,fixed,1,,
##,,,,,,,,
что называется,W,,,,,,,
%,что,ЧТО,PRON,Animacy=Inan|Case=Nom|Gender=Neut|Number=Sing,nsubj,-1,,
%,называетс,НАЗЫВАТЬСЯ,VERB,Aspect=Imp|Mood=Ind|Number=Sing|Person=3|Tense=Pres|VerbForm=Fin|Voice=Mid,parataxis,0,,
##,,,,,,,,
вместо этого,W,,,,,,,
%,вместо,ВМЕСТО,ADP,_,case,-1,,
%,этого,ЭТО,PRON,Animacy=Inan|Case=Gen|Gender=Neut|Number=Sing,obl,0,,
##,,,,,,,,
как и ожидалось,W,,,,,,,
%,как,КАК,SCONJ,_,mark,-2,,
%,и,И,PART,_,advmod,-1,,
%,ожидалось,ОЖИДАТЬ,VERB,Aspect=Imp|Gender=Neut|Mood=Ind|Number=Sing|Tense=Past|VerbForm=Fin|Voice=Pass,parataxis,0,,
##,,,,,,,,
таким образом,W,,,,,,,
%,таким,ТАКОЙ,DET,Case=Ins|Gender=Masc|Number=Sing,det,-1,,
%,образом,ОБРАЗ,NOUN,Animacy=Inan|Case=Ins|Gender=Masc|Number=Sing,obl,0,,
##,,,,,,,,
в некотором роде,W,,,,,,,
%,в,В,ADP,_,case,-2,,
%,некотором,НЕКОТОРЫЙ,DET,Case=Loc|Gender=Masc|Number=Sing,det,-1,,
%,роде,РОД,NOUN,Animacy=Inan|Case=Loc|Gender=Masc|Number=Sing,obl,0,,
##,,,,,,,,
так вот,W,,,,,,,
%,так,ТАК,ADV,Degree=Pos,advmod,-1,,
%,вот,ВОТ,PART,_,root,0,,
##,,,,,,,,
надо полагать,W,,,,,,,
%,надо,НАДО,ADV,Degree=Pos,parataxis,0,,
%,полагать,ПОЛАГАТЬ,VERB,Aspect=Imp|VerbForm=Inf|Voice=Act,csubj,1,,
##,,,,,,,,
не в последнюю очередь,W,,,,,,,
%,не,НЕ,PART,Polarity=Neg,fixed,-1,,
%,в,В,ADP,_,discourse,0,,
%,последнюю,ПОСЛЕДНИЙ,ADJ,Case=Acc|Gender=Fem|Number=Sing,fixed,1,,
%,очередь,ОЧЕРЕДЬ,NOUN,Animacy=Inan|Case=Acc|Gender=Fem|Number=Sing,fixed,2,,
##,,,,,,,,
но и,W,,,,,,,
%,но,НО,CCONJ,_,cc,0,,
%,и,И,CCONJ,_,fixed,1,,
##,,,,,,,,
но и,CCONJ,,,,,,,
%,но,НО,CCONJ,_,cc,0,,
%,и,И,CCONJ,_,fixed,1,,
##,,,,,,,,
в объезд,ADV,,,,,,,
%,в,В,ADP,_,fixed,-1,,
%,объезд,ОБЪЕЗД,NOUN,Animacy=Inan|Case=Acc|Gender=Masc|Number=Sing,advmod,0,,
##,,,,,,,,
и вовсе,ADV,,,,,,,
%,и,И,PART,_,fixed,-1,,
%,вовсе,ВОВСЕ,ADV,Degree=Pos,advmod,0,,
##,,,,,,,,
"больше, чем",ADV,,,,,,,
%,больше,БОЛЬШЕ,ADV,Degree=Cmp, conj,_,,
%,",",",",PUNCT,_, punct,_,,
%,чем,ЧЕМ,SCONJ,_, mark,_,,
##,,,,,,,,
как следует,ADV,,,,,,,
%,как,КАК,SCONJ,_,fixed,-1,,
%,следует,СЛЕДОВАТЬ,VERB,Aspect=Imp|Mood=Ind|Number=Sing|Person=3|Tense=Pres|VerbForm=Fin|Voice=Act,advmod,0,,
##,,,,,,,,
стало быть,W,,,,,,,
%,стало,СТАТЬ,VERB,Aspect=Perf|Gender=Neut|Mood=Ind|Number=Sing|Tense=Past|VerbForm=Fin|Voice=Act,parataxis,0,,
%,быть,БЫТЬ,VERB,Aspect=Imp|VerbForm=Inf|Voice=Act,xcomp,1,,
##,,,,,,,,
бы то ни было,PART,,,,,,,
%,бы,БЫ,PART,_,parataxis,-3,,
%,то,ТО,PRON,Animacy=Inan|Case=Acc|Gender=Neut|Number=Sing,fixed,-2,,
%,ни,НИ,PART,Polarity=Neg,fixed,-1,,
%,было,БЫЛО,VERB,Aspect=Imp|Gender=Neut|Mood=Ind|Number=Sing|Tense=Past|VerbForm=Fin|Voice=Act,fixed,0,,
##,,,,,,,,
или же,CCONJ,,,,,,,
%,или,ИЛИ,CCONJ,_,cc,0,,
%,же,ЖЕ,PART,_,fixed,1,,
##,,,,,,,,
как и следовало ожидать,W,,,,,,,
%,как,КАК,SCONJ,_,mark,-2,,
%,и,И,PART,_,advmood,-1,,
%,следовало,СЛЕДОВАТЬ,VERB,Aspect=Imp|Gender=Neut|Mood=Ind|Number=Sing|Tense=Past|VerbForm=Fin|Voice=Act,parataxis,0,,
%,ожидать,ОДИЖАТЬ,VERB,Aspect=Imp|VerbForm=Inf|Voice=Act,csubj,1,,
##,,,,,,,,
и без того,ADV,,,,,,,
%,и,И,PART,_,advmod,-2,,
%,без,БЕЗ,ADP,_,case,-1,,
%,того,ТО,PRON,Animacy=Inan|Case=Gen|Gender=Neut|Number=Sing,obl,0,,
##,,,,,,,,
в действительности,ADV,,,,,,,
%,в,В,ADP,_,case,-1,,
%,действительности,ДЕЙСТВИТЕЛЬНОСТЬ,NOUN,Animacy=Inan|Case=Loc|Gender=Fem|Number=Sing,obl,0,,
##,,,,,,,,
на нет,ADV,,,,,,,
%,на,НА,ADP,_,fixed,0,,
%,нет,НЕТ,PART,_,fixed,0,,
##,,,,,,,,
кстати говоря,W,,,,,,,
%,кстати,КСТАТИ,ADV,Degree=Pos,advmod,-1,,
%,говоря,ГОВОРИТЬ,VERB,Aspect=Imp|Tense=Pres|VerbForm=Conv|Voice=Act,parataxis,0,,
##,,,,,,,,
и т.д.,W,,,,,,,
%,и,И,CCONJ,_,cc,-1,,
%,т.,ТАК,ADV,Degree=Pos,conj,0,,
%,д.,ДАЛЕЕ,ADV,Degree=Pos,fixed,1,,
##,,,,,,,,
и т.д,W,,,,,,,
%,и,И,CCONJ,_,cc,-1,,
%,т.,ТАК,ADV,Degree=Pos,conj,0,,
%,д.,ДАЛЕЕ,ADV,Degree=Pos,fixed,1,,
##,,,,,,,,
в большинстве,W,,,,,,,
%,в,В,ADP,_,case,-1,,
%,большинстве,БОЛЬШИНСТВО,NOUN,Animacy=Inan|Case=Loc|Gender=Neut|Number=Sing,obl,0,,
##,,,,,,,,
все время,ADV,,,,,,,
%,все,ВЕСЬ,DET,Animacy=Inan|Case=Acc|Gender=Neut|Number=Sing,det,-1,,
%,время,ВРЕМЯ,NOUN,Animacy=Inan|Case=Acc|Gender=Neut|Number=Sing,obl,0,,
##,,,,,,,,
за бесценок,ADV,,,,,,,
%,за,ЗА,ADP,_,case,-1,,
%,бесценок,БЕСЦЕНОК,NOUN,Animacy=Inan|Case=Acc|Gender=Masc|Number=Sing,obl,0,,
##,,,,,,,,
следующим образом,ADV,,,,,,,
%,следующим,СЛЕДУЮЩИЙ,ADJ,Case=Ins|Degree=Pos|Gender=Masc|Number=Sing,amod,-1,,
%,образом,ОБРАЗ,NOUN,Animacy=Inan|Case=Ins|Gender=Masc|Number=Sing,obl,0,,
##,,,,,,,,
по очереди,ADV,,,,,,,
%,по,ПО,ADP,_,case,-1,,
%,очереди,ОЧЕРЕДЬ,NOUN,Animacy=Inan|Case=Dat|Gender=Fem|Number=Sing,obl,0,,
##,,,,,,,,
по большей части,ADV,,,,,,,
%,по,ПО,ADP,_,case,-2,,
%,большей,БОЛЬШИЙ,ADJ,Case=Dat|Degree=Pos|Gender=Fem|Number=Sing,amod,-1,,
%,части,ЧАСТЬ,NOUN,Animacy=Inan|Case=Dat|Gender=Fem|Number=Sing,nmod,0,,
##,,,,,,,,
и т.п,W,,,,,,,
%,т.,ТО,PRON,Animacy=Inan|Case=Dat|Gender=Neut|Number=Sing,conj,-1,,
%,п.,ПОДОБНЫЙ,ADJ,Case=Nom|Degree=Pos|Gender=Neut|Number=Sing,fixed,0,,
##,,,,,,,,
к тому же,W,,,,,,,
%,к,К,ADP,_,case,-1,,
%,тому,ТО,PRON,Animacy=Inan|Case=Dat|Gender=Neut|Number=Sing,obl,0,,
%,же,ЖЕ,PART,_,advmod,1,,
##,,,,,,,,
будто бы,SCONJ,,,,,,,
%,будто,БУДТО,PART,_,advmod,0,,
%,бы,БЫ,PART,_,fixed,1,,
##,,,,,,,,
кроме прочего,W,,,,,,,
%,кроме,КРОМЕ,ADP,_,case,-1,,
%,прочего,ПРОЧИЙ,ADJ,Case=Gen|Degree=Pos|Gender=Neut|Number=Sing,obl,0,,
##,,,,,,,,
всего лишь,W,,,,,,,
%,всего,ВСЕГО,PART,_,advmod,-1,,
%,лишь,ЛИШЬ,PART,_,advmod,0,,
##,,,,,,,,
во всяком случае,W,,,,,,,
%,во,ВО,ADP,_,case,-2,,
%,всяком,ВСЯКИЙ,DET,Case=Loc|Gender=Masc|Number=Sing,det,-1,,
%,случае,СЛУЧАЙ,NOUN,Animacy=Inan|Case=Loc|Gender=Masc|Number=Sing,parataxis,0,,
##,,,,,,,,
вроде как,W,,,,,,,
%,вроде,ВРОДЕ,ADV,Degree=Pos,parataxis,0,,
%,как,КАК,SCONJ,_,mark,0,,
##,,,,,,,,
в точности,ADV,,,,,,,
%,в,В,ADP,_,case,-1,,
%,точности,ТОЧНОСТЬ,NOUN,Animacy=Inan|Case=Loc|Gender=Fem|Number=Sing,obl,0,,
##,,,,,,,,
главным образом,W,,,,,,,
%,главным,ГЛАВНЫЙ,ADJ,Case=Ins|Degree=Pos|Gender=Masc|Number=Sing,amod,-1,,
%,образом,ОБРАЗ,NOUN,Animacy=Inan|Case=Ins|Gender=Masc|Number=Sing,obl,0,,
##,,,,,,,,
на деле,W,,,,,,,
%,на,НА,ADP,_,case,-1,,
%,деле,ДЕЛО,NOUN,Animacy=Inan|Case=Loc|Gender=Neut|Number=Sing,obl,0,,
##,,,,,,,,
и прочее,W,,,,,,,
%,и,И,CCONJ,_,cc,-1,,
%,прочее,ПРОЧИЙ,ADJ,Case=Nom|Degree=Pos|Gender=Neut|Number=Sing,conj,0,,
##,,,,,,,,
как можно,ADV,,,,,,,
%,как,КАК,ADV,Degree=Pos,advmod,0,,
%,можно,МОЖНО,ADV,Degree=Pos,fixed,1,,
##,,,,,,,,
в принципе,W,,,,,,,
%,в,В,ADP,_,case,-1,,
%,принципе,ПРИНЦИП,NOUN,Animacy=Inan|Case=Loc|Gender=Masc|Number=Sing,obl,0,,
##,,,,,,,,
не просто,SCONJ,,,,,,,
%,не,НЕ,PART,Polarity=Neg,advmod,-1,,
%,просто,ПРОСТО,ADV,Degree=Pos,advmod,0,,
##,,,,,,,,
опять же,W,,,,,,,
%,опять,ОПЯТЬ,ADV,Degree=Pos,parataxis,0,,
%,же,ЖЕ,PART,_,advmod,1,,
##,,,,,,,,
черт возьми,INTJ,,,,,,,
%,черт,ЧЕРТ,NOUN,Animacy=Anim|Case=Nom|Gender=Masc|Number=Sing,nsubj,-1,,
%,возьми,ВЗЯТЬ,VERB,Aspect=Perf|Mood=Imp|Number=Sing|Person=2|VerbForm=Fin|Voice=Act,parataxis,0,,
##,,,,,,,,
на глазах,ADV,,,,,,,
%,на,НА,ADP,_,case,-1,,
%,глазах,ГЛАЗ,NOUN,Animacy=Inan|Case=Loc|Gender=Masc|Number=Plur,obl,0,,
##,,,,,,,,
кроме этого,W,,,,,,,
%,кроме,КРОМЕ,ADP,_,case,-1,,
%,этого,ЭТО,PRON,Animacy=Inan|Case=Gen|Gender=Neut|Number=Sing,parataxis,0,,
##,,,,,,,,
как правило,ADV,,,,,,,
%,как,КАК,SCONJ,_,case,-1,,
%,правило,ПРАВИЛО,NOUN,Animacy=Inan|Case=Nom|Gender=Neut|Number=Sing,parataxis,0,,
##,,,,,,,,
с тем чтобы,SCONJ,,,,,,,
%,с,С,ADP,_,case,-1,,
%,тем,ТО,PRON,Animacy=Inan|Case=Ins|Gender=Neut|Number=Sing,0,0,,
%,чтобы,ЧТОБЫ,SCONJ,_,mark,0,,
##,,,,,,,,
помимо этого,W,,,,,,,
%,помимо,ПОМИМО,ADP,_,case,-1,,
%,этого,ЭТО,PRON,Animacy=Inan|Case=Gen|Gender=Neut|Number=Sing,parataxis,0,,
##,,,,,,,,
в гору,ADV,,,,,,,
%,в,В,ADP,_,case,-1,,
%,гору,ГОРА,NOUN,Animacy=Inan|Case=Acc|Gender=Fem|Number=Sing,nmod,0,,
##,,,,,,,,
то ли,CCONJ,,,,,,,
%,то,ТО,CCONJ,_,cc,0,,
%,ли,ЛИ,PART,_,fixed,1,,
##,,,,,,,,
как можно,ADV,,,,,,,
%,как,КАК,ADV,Degree=Pos,advmod,0,,
%,можно,МОЖНО,ADV,Degree=Pos,fixed,1,,
##,,,,,,,,
"тем более, что",SCONJ,,,,,,,
%,тем,ТО,PRON,Animacy=Inan|Case=Ins|Gender=Neut|Number=Sing,obl,-1,,
%,более,БОЛЕЕ,ADV,Degree=Cmp,mark,0,,
%,",",",",PUNCT,_,punct,-1,,
%,что,ЧТО,SCONJ,_,fixed,2,,
##,,,,,,,,
что ли,PART,,,,,,,
%,что,ЧТО,SCONJ,_,parataxis,0,,
%,ли,ЛИ,PART,_,advmod,1,,
##,,,,,,,,
круглые сутки,ADV,,,,,,,
%,круглые,КРУГЛЫЙ,ADJ,Animacy=Inan|Case=Acc|Degree=Pos|Number=Plur,amod,-1,,
%,сутки,СУТКИ,NOUN,Animacy=Inan|Case=Acc|Gender=Fem|Number=Plur,obl,0,,
##,,,,,,,,
во многом,ADV,,,,,,,
%,во,ВО,ADP,_,case,-1,,
%,многом,МНОГОЕ,NOUN,Animacy=Inan|Case=Loc|Gender=Neut|Number=Sing,obl,0,,
##,,,,,,,,
в корне,ADV,,,,,,,
%,в,В,ADP,_,case,-1,,
%,корне,КОРЕНЬ,NOUN,Animacy=Inan|Case=Loc|Gender=Masc|Number=Sing,obl,0,,
##,,,,,,,,
ну вот,INTJ,,,,,,,
%,ну,НУ,PART,_,discourse,-1,,
%,вот,ВОТ,PART,_,advmod,0,,
##,,,,,,,,
изо всех сил,ADV,,,,,,,
%,изо,ИЗО,ADP,_,case,-2,,
%,всех,ВЕСЬ,DET,Case=Gen|Number=Plur,det,-1,,
%,сил,СИЛА,NOUN,Animacy=Inan|Case=Gen|Gender=Fem|Number=Plur,obl,0,,
##,,,,,,,,
не известно,ADV,,,,,,,
%,не,НЕ,PART,Polarity=Neg,advmod,-1,,
%,известно,ИЗВЕСТНО,ADJ,Degree=Pos|Gender=Neut|Number=Sing|Variant=Short,conj,0,,
##,,,,,,,,
да и,CCONJ,,,,,,,
%,да,ДА,CCONJ,_,cc,0,,
%,и,И,CCONJ,_,fixed,1,,
##,,,,,,,,
вроде бы,W,,,,,,,
%,вроде,ВРОДЕ,ADV,Degree=Pos,parataxis,0,,
%,бы,БЫ,PART,_,flat:name,1,,
##,,,,,,,,
понятное дело,ADV,,,,,,,
%,понятное,ПОНЯТНЫЙ,ADJ,Case=Nom|Degree=Pos|Gender=Neut|Number=Sing,amod,-1,,
%,дело,ДЕЛО,NOUN,Animacy=Inan|Case=Nom|Gender=Neut|Number=Sing,parataxis,0,,
##,,,,,,,,
спору нет,W,,,,,,,
%,спору,СПОР,NOUN,Animacy=Inan|Case=Par|Gender=Masc|Number=Sing,nsubj,-1,,
%,нет,НЕТ,VERB,Aspect=Imp|Mood=Ind|Number=Sing|Person=3|Tense=Pres|VerbForm=Fin|Voice=Act,parataxis,0,,
##,,,,,,,,
больше всего,W,,,,,,,
%,больше,МНОГО,ADV,Degree=Cmp,advmod,0,,
%,всего,ВСЕ,PRON,Animacy=Inan|Case=Gen|Gender=Neut|Number=Sing,obl,1,,
##,,,,,,,,
иными словами,W,,,,,,,
%,иными,ИНОЙ,ADJ,Case=Ins|Degree=Pos|Number=Plur,amod,-1,,
%,словами,СЛОВО,NOUN,Animacy=Inan|Case=Ins|Gender=Neut|Number=Plur,obl,0,,
##,,,,,,,,
черт знает,PART,,,,,,,
%,черт,ЧЕРТ,NOUN,Animacy=Anim|Case=Nom|Gender=Masc|Number=Sing,nsubj,-1,,
%,знает,ЗНАТЬ,VERB,Aspect=Imp|Mood=Ind|Number=Sing|Person=3|Tense=Pres|VerbForm=Fin|Voice=Act,advcl,0,,
##,,,,,,,,
в открытую,ADV,,,,,,,
%,в,В,ADP,_,case,-1,,
%,открытую,ОТКРЫТЫЙ,ADJ,Case=Acc|Degree=Pos|Gender=Fem|Number=Sing,obl,0,,
##,,,,,,,,
как видно,ADV,,,,,,,
%,как,КАК,SCONJ,_,mark,-1,,
%,видно,ВИДНО,ADV,Degree=Pos,parataxis,0,,
##,,,,,,,,
тем временем,ADV,,,,,,,
%,тем,ТОТ,DET,Case=Ins|Gender=Neut|Number=Sing,det,-1,,
%,временем,ВРЕМЯ,NOUN,Animacy=Inan|Case=Ins|Gender=Neut|Number=Sing,obl,0,,
##,,,,,,,,
в лучшем случае,W,,,,,,,
%,в,В,ADP,_,case,-2,,
%,лучшем,ЛУЧШИЙ,ADJ,Case=Loc|Degree=Pos|Gender=Masc|Number=Sing,amod,-1,,
%,случае,СЛУЧАЙ,NOUN,Animacy=Inan|Case=Loc|Gender=Masc|Number=Sing,obl,0,,
##,,,,,,,,
когда же,SCONJ,,,,,,,
%,когда,КОГДА,SCONJ,_,mark,0,,
%,же,ЖЕ,ADP,_,advmod,0,,
##,,,,,,,,
помимо прочего,W,,,,,,,
%,помимо,ПОМИМО,ADP,_,case,-1,,
%,прочего,ПРОЧИЙ,ADJ,Case=Gen|Degree=Pos|Gender=Masc|Number=Sing,parataxis,0,,
##,,,,,,,,
в тягость,ADJ,,,,,,,
%,в,В,ADP,_,case,-1,,
%,тягость,ТЯГОСТЬ,NOUN,Animacy=Inan|Case=Acc|Gender=Fem|Number=Sing,obl,0,,
##,,,,,,,,
в любом случае,W,,,,,,,
%,в,В,ADP,_,case,-2,,
%,любом,ЛЮБОЙ,ADJ,Case=Loc|Degree=Pos|Gender=Masc|Number=Sing,amod,-1,,
%,случае,СЛУЧАЙ,NOUN,Animacy=Inan|Case=Loc|Gender=Masc|Number=Sing,obl,0,,
##,,,,,,,,
а также и,CCONJ,,,,,,,
%,а,А,CCONJ,_,cc,0,,
%,также,ТАКЖЕ,ADV,Degree=Pos,advmod,-1,,
%,и,И,CCONJ,_,advmod,0,,
##,,,,,,,,
"более, чем",ADV,,,,,-1,,
%,более,более,ADV,Degree=Cmp,case,0,,
%,",",",",PUNCT,_,punct,1,,
%,чем,чем,SCOONJ,_,fixed,2,,
##,,,,,,,,
все еще,ADV,,,,,,,
%,все,ВСЁ,PART,_,advmod,-1,,
%,еще,ЕЩЁ,ADV,Degree=Pos,advmod,0,,
##,,,,,,,,
должно быть,W,,,,,,,
%,должно,ДОЛЖЕН,ADJ,Degree=Pos|Gender=Neut|Number=Sing|Variant=Short,parataxis,0,,
%,быть,БЫТЬ,VERB,Aspect=Imp|VerbForm=Inf|Voice=Act,xcomp,1,,
##,,,,,,,,
по силам,ADV,,,,,,,
%,по,ПО,ADP,_,case,-1,,
%,силам,СИЛА,NOUN,Animacy=Inan|Case=Dat|Gender=Fem|Number=Plur,root,0,,
##,,,,,,,,
помимо того,W,,,,,,,
%,помимо,ПОМИМО,ADP,_,case,-1,,
%,того,ТО,PRON,Animacy=Inan|Case=Gen|Gender=Neut|Number=Sing,parataxis,0,,
##,,,,,,,,
аналогичным образом,ADJ,,,,,,,
%,аналогичным,АНАЛОГИЧНЫЙ,ADJ,Case=Ins|Degree=Pos|Gender=Masc|Number=Sing,amod,-1,,
%,образом,ОБРАЗ,NOUN,Animacy=Inan|Case=Ins|Gender=Masc|Number=Sing,obl,0,,
##,,,,,,,,
более того,W,,,,,,,
%,более,БОЛЕЕ,ADV,Degree=Cmp,advmod,-1,,
%,того,ТО,PRON,Animacy=Inan|Case=Gen|Gender=Neut|Number=Sing,obl,0,,
##,,,,,,,,
помимо всего прочего,W,,,,,,,
%,помимо,ПОМИМО,ADP,_,case,-2,,
%,всего,ВЕСЬ,DET,Case=Gen|Gender=Masc|Number=Sing,det,-1,,
%,прочего,ПРОЧИЙ,ADJ,Case=Gen|Degree=Pos|Gender=Masc|Number=Sing,parataxis,0,,
##,,,,,,,,
год от года,ADV,,,,,,,
%,год,ГОД,NOUN,Animacy=Inan|Case=Acc|Gender=Masc|Number=Sing,obl,0,,
%,от,ОТ,ADP,_,case,-1,,
%,года,ГОД,NOUN,Animacy=Inan|Case=Gen|Gender=Masc|Number=Sing,nmod,2,,
##,,,,,,,,
так или иначе,W,,,,,,,
%,так,ТАК,ADV,Degree=Pos,parataxis,0,,
%,или,ИЛИ,CCONJ,_,cc,-1,,
%,иначе,ИНАЧЕ,ADV,Degree=Pos,conj,2,,
##,,,,,,,,
так сказать,W,,,,,,,
%,так,ТАК,ADV,Degree=Pos,advmod,-1,,
%,сказать,СКАЗАТЬ,VERB,Aspect=Perf|VerbForm=Inf|Voice=Act,parataxis,0,,
##,,,,,,,,
кроме всего прочего,W,,,,,,,
%,кроме,КРОМЕ,ADP,_,case,-2,,
%,всего,ВЕСЬ,DET,Case=Gen|Gender=Masc|Number=Sing,det,-1,,
%,прочего,ПРОЧИЙ,ADJ,Case=Gen|Degree=Pos|Gender=Masc|Number=Sing,parataxis,0,,
##,,,,,,,,
к слову,W,,,,,,,
%,к,К,ADP,_,case,-1,,
%,слову,СЛОВО,NOUN,Animacy=Inan|Case=Dat|Gender=Neut|Number=Sing,parataxis,0,,
##,,,,,,,,
по факту,ADV,,,,,,,
%,по,ПО,ADP,_,case,-1,,
%,факту,ФАКТ,NOUN,Animacy=Inan|Case=Dat|Gender=Masc|Number=Sing,parataxis,0,,
##,,,,,,,,
в пределах,ADV,,,,,,,
%,в,В,ADP,_,case,-1,,
%,пределах,ПРЕДЕЛ,NOUN,Animacy=Inan|Case=Loc|Gender=Masc|Number=Plur,obl,0,,
##,,,,,,,,
ни с того ни с сего,ADV,,,,,,,
%,ни,НИ,CCONJ,Polarity=Neg,cc,-2,,
%,с,С,ADP,_,case,-1,,
%,того,ТО,PRON,Animacy=Inan|Case=Gen|Gender=Neut|Number=Sing,nmod,0,,
%,ни,НИ,CCONJ,Polarity=Neg,cc,-2,,
%,с,С,ADP,_,case,-1,,
%,сего,СЕЙ,DET,Case=Gen|Gender=Masc|Number=Sing,det,3,,
##,,,,,,,,
более или менее,ADV,,,,,,,
%,более,БОЛЕЕ,ADV,Degree=Cmp,advmood,0,,
%,или,ИЛИ,CCONJ,_,fixed,-1,,
%,менее,МЕНЕЕ,ADV,Degree=Cmp,fixed,2,,
##,,,,,,,,
по сути,W,,,,,,,
%,по,ПО,ADP,_,case,-1,,
%,сути,СУТЬ,NOUN,Animacy=Inan|Case=Dat|Gender=Fem|Number=Sing,parataxis,0,,
##,,,,,,,,
по сути дела,W,,,,,,,
%,по,ПО,ADP,_,case,-1,,
%,сути,СУТЬ,NOUN,Animacy=Inan|Case=Dat|Gender=Fem|Number=Sing,parataxis,0,,
%,дела,ДЕЛО,NOUN,Animacy=Inan|Case=Gen|Gender=Neut|Number=Sing,nmod,1,,
##,,,,,,,,
в лоб,ADV,,,,,,,
%,в,В,ADP,_,case,-1,,
%,лоб,ЛОБ,NOUN,Animacy=Inan|Case=Acc|Gender=Masc|Number=Sing,obl,0,,
##,,,,,,,,
и подавно,ADV,,,,,,,
%,и,И,CCONJ,_,fixed,-1,,
%,подавно,ПОДАВНО,ADV,Degree=Pos,advmod,0,,
##,,,,,,,,
самое главное,W,,,,,,,
%,самое,САМЫЙ,ADJ,Case=Nom|Degree=Pos|Gender=Neut|Number=Sing,amod,-1,,
%,главное,ГЛАВНЫЙ,ADJ,Case=Nom|Degree=Pos|Gender=Neut|Number=Sing,root,0,,
##,,,,,,,,
в помине,ADV,,,,,,,
%,в,В,ADP,_,case,-1,,
%,помине,ПОМИН,NOUN,Animacy=Inan|Case=Loc|Gender=Masc|Number=Sing,obl,0,,
##,,,,,,,,
как ни в чем не бывало,ADV,,,,,,,
%,как,КАК,SCONJ,_,mark,-5,,
%,ни,НИ,PART,Polarity=Neg,advmod,-2,,
%,в,В,ADP,_,case,-1,,
%,чем,ЧТО,PRON,Animacy=Inan|Case=Loc|Gender=Neut|Number=Sing,obl,-2,,
%,не,НЕ,PART,Polarity=Neg,advmod,-1,,
%,бывало,БЫВАТЬ,VERB,Aspect=Imp|Gender=Neut|Mood=Ind|Number=Sing|Tense=Past|VerbForm=Fin|Voice=Act,advcl,0,,
##,,,,,,,,
в обход,ADV,,,,,,,
%,в,В,ADP,_,case,-1,,
%,обход,ОБХОД,NOUN,Animacy=Inan|Case=Acc|Gender=Masc|Number=Sing,obl,0,,
##,,,,,,,,
и пр,W,,,,,,,
%,и,И,CCONJ,_,cc,-1,,
%,пр.,ПРОЧИЙ,ADJ,Case=Nom|Degree=Pos|Gender=Neut|Number=Sing,conj,0,,
##,,,,,,,,
и пр.,W,,,,,,,
%,и,И,CCONJ,_,cc,-1,,
%,пр.,ПРОЧИЙ,ADJ,Case=Nom|Degree=Pos|Gender=Neut|Number=Sing,conj,0,,
##,,,,,,,,
в меру,ADV,,,,,,,
%,в,В,ADP,_,case,-1,,
%,меру,МЕРА,NOUN,Animacy=Inan|Case=Acc|Gender=Fem|Number=Sing,obl,0,,
##,,,,,,,,
друг за другом,ADV,,,,,,,
%,друг,ДРУГ,PRON,Case=Nom,obl,0,,
%,за,ЗА,ADP,_,fixed,1,,
%,другом,ДРУГ,PRON,Case=Ins,fixed,2,,
##,,,,,,,,
то и дело,ADV,,,,,,,
%,то,ТОТ,DET,Case=Nom|Gender=Neut|Number=Sing,det,-2,,
%,и,И,PART,_,advmod,-1,,
%,дело,ДЕЛО,NOUN,Animacy=Inan|Case=Nom|Gender=Neut|Number=Sing,obl,0,,
##,,,,,,,,
из года в год,ADV,,,,,,,
%,из,ИЗ,ADP,_,case,-1,,
%,года,ГОД,NOUN,Animacy=Inan|Case=Gen|Gender=Masc|Number=Sing,obl,0,,
%,в,В,ADP,_,case,-1,,
%,год,ГОД,NOUN,Animacy=Inan|Case=Acc|Gender=Masc|Number=Sing,nmod,2,,
##,,,,,,,,
ух ты,INTJ,,,,,,,
%,ух,УХ,INTJ,_,parataxis,0,,
%,ты,ТЫ,PRON,Case=Nom|Number=Sing|Person=2,flat:name,1,,
##,,,,,,,,
в дальнейшем,ADV,,,,,,,
%,в,В,ADP,_,case,-1,,
%,дальнейшем,ДАЛЬНЕЙШИЙ,ADJ,Case=Loc|Degree=Pos|Gender=Neut|Number=Sing,obl,0,,
##,,,,,,,,
само собой,ADV,,,,,,,
%,само,САМ,ADJ,Case=Nom|Degree=Pos|Gender=Neut|Number=Sing,acl,0,,
%,собой,СЕБЯ,PRON,Case=Ins,fixed,1,,
##,,,,,,,,
только что,ADV,,,,,,,
%,только,ТОЛЬКО,PART,_,advmod,0,,
%,что,ЧТО,SCONJ,_,fixed,1,,
##,,,,,,,,
короче говоря,W,,,,,,,
%,короче,КОРОТКО,ADV,Degree=Cmp,advmod,-1,,
%,говоря,ГОВОРИТЬ,VERB,Aspect=Imp|Tense=Pres|VerbForm=Conv|Voice=Act,parataxis,0,,
##,,,,,,,,
в сущности,W,,,,,,,
%,в,В,ADP,_,case,-1,,
%,сущности,СУЩНОСТЬ,NOUN,Animacy=Inan|Case=Loc|Gender=Fem|Number=Sing,parataxis,0,,
##,,,,,,,,
днем и ночью,ADV,,,,,,,
%,днем,ДЕНЬ,NOUN,Animacy=Inan|Case=Ins|Gender=Masc|Number=Sing,obl,0,,
%,и,И,CCONJ,_,cc,-1,,
%,ночью,НОЧЬ,NOUN,Animacy=Inan|Case=Ins|Gender=Fem|Number=Sing,conj,2,,
##,,,,,,,,
на дому,ADV,,,,,,,
%,на,НА,ADP,_,case,-1,,
%,дому,ДОМ,NOUN,Animacy=Inan|Case=Par|Gender=Masc|Number=Sing,obl,0,,
##,,,,,,,,
всеми силами,ADV,,,,,,,
%,всеми,ВЕСЬ,DET,Case=Ins|Number=Plur,det,-1,,
%,силами,СИЛА,NOUN,Animacy=Inan|Case=Ins|Gender=Fem|Number=Plur,obl,0,,
##,,,,,,,,
для начала,ADV,,,,,,,
%,для,ДЛЯ,ADP,_,case,-1,,
%,начала,НАЧАЛО,NOUN,Animacy=Inan|Case=Gen|Gender=Neut|Number=Sing,obl,0,,
##,,,,,,,,
еще бы,W,,,,,,,
%,еще,ЕЩЁ,ADV,Degree=Pos,advmod,0,,
%,бы,БЫ,AUX,Mood=Cnd,fixed,1,,
##,,,,,,,,
в общем,W,,,,,,,
%,в,В,ADP,_,case,-1,,
%,общем,ОБЩИЙ,ADJ,Case=Loc|Degree=Pos|Gender=Neut|Number=Sing,parataxis,0,,
##,,,,,,,,
в довершение всего,W,,,,,,,
%,в,В,ADP,_,case,-1,,
%,довершение,ДОВЕРШЕНИЕ,NOUN,Animacy=Inan|Case=Acc|Gender=Neut|Number=Sing,nmod,0,,
%,всего,ВСЁ,PRON,Animacy=Inan|Case=Gen|Gender=Neut|Number=Sing,nmod,1,,
##,,,,,,,,
под силу,ADV,,,,,,,
%,под,ПОД,ADP,_,case,-1,,
%,силу,СИЛА,NOUN,Animacy=Inan|Case=Acc|Gender=Fem|Number=Sing,root,0,,
##,,,,,,,,
в упор,ADV,,,,,,,
%,в,В,ADP,_,case,-1,,
%,упор,УПОР,NOUN,Animacy=Inan|Case=Acc|Gender=Masc|Number=Sing,obl,0,,
##,,,,,,,,
в своем роде,W,,,,,,,
%,в,В,ADP,_,case,-2,,
%,своем,СВОЙ,DET,Case=Loc|Gender=Masc|Number=Sing,det,-1,,
%,роде,РОД,NOUN,Animacy=Inan|Case=Loc|Gender=Masc|Number=Sing,obl,0,,
##,,,,,,,,
в последующем,ADV,,,,,,,
%,в,В,ADP,_,case,-1,,
%,последующем,ПОСЛЕДУЮЩИЙ,ADJ,Case=Loc|Degree=Pos|Gender=Neut|Number=Sing,obl,0,,
##,,,,,,,,
в унисон,ADV,,,,,,,
%,в,В,ADP,_,case,-1,,
%,унисон,УНИСОН,NOUN,Animacy=Inan|Case=Acc|Gender=Masc|Number=Sing,obl,0,,
##,,,,,,,,
